addr	size	name	confidence	args	ret	callers	callees	frame	saved	tags
0x80113B00	8	func_80113B00	high	0	void	1	0	0		leaf
0x80113B08	188	BootEntry	low	0	u32	0	2	0		break|gp
0x80113BC4	508	func_80113BC4	medium	0	u32	1	18	40	s0|s1|s2|s3|s4|ra	
0x80113DC0	116	func_80113DC0	verified	0	void	1	12	24	ra	
0x80113E34	376	func_80113E34	verified	4	u32	1	5	56	s0|s1|s2|s3|ra	
0x80113FAC	40	func_80113FAC	high	2	u32	2	0	0		leaf
0x80113FD4	160	func_80113FD4	verified	0	u32	1	7	32	s0|s1|ra	
0x80114074	76	func_80114074	high	0	u32	1	0	0		leaf
0x801140C0	192	func_801140C0	verified	0	u32	1	6	24	s0|ra	
0x80114180	48	func_80114180	medium	2	u32	0	1	24	ra	orphan
0x801141B0	40	func_801141B0	low	1	u32	0	1	0	ra	orphan
0x801141D8	92	func_801141D8	verified	2	u32	12	3	32	s0|s1|ra	
0x80114234	52	func_80114234	verified	1	u32	34	1	24	ra	
0x80114268	80	func_80114268	verified	0	u32	1	4	24	s0|ra	
0x801142B8	88	func_801142B8	verified	1	u32	3	3	24	s0|ra	
0x80114310	88	func_80114310	verified	1	u32	4	4	24	s0|ra	
0x80114368	36	func_80114368	low	1	u32	0	0	0		leaf|orphan
0x8011438C	36	func_8011438C	low	1	u32	0	0	0		leaf|orphan
0x801143B0	664	func_801143B0	verified	0	u32	2	1	24	ra	addr_taken
0x80114648	104	func_80114648	high	0	u32	1	0	0		leaf
0x801146B0	288	func_801146B0	verified	0	u32	1	13	40	s0|s1|s2|s3|ra	
0x801147D0	132	func_801147D0	high	1	u32	1	0	0		leaf
0x80114854	1096	func_80114854	medium	0	u32	2	26	56	s0|s1|s2|s3|s4|s5|s6|ra	addr_taken
0x80114C9C	248	func_80114C9C	verified	1	u32	1	2	40	s0|s1|ra	
0x80114D94	216	func_80114D94	verified	0	u32	1	4	40	s0|s1|ra	
0x80114E6C	132	func_80114E6C	medium	4	u32	0	4	32	s0|s1|s2|ra	orphan
0x80114EF0	6700	func_80114EF0	low	3	u32	1	7	0	s0|s1|s2|s3|s4|s5|s6|s7|fp|ra	orphan
0x8011691C	788	func_8011691C	medium	2	u32	1	2	56	s0|s1|s2|s3|s4|s5|s6|s7|fp|ra	orphan
0x80116C30	96	func_80116C30	low	2	u32	1	0	0		leaf|orphan
0x80116C90	592	func_80116C90	medium	0	u32	3	2	40	s0|s1|ra	orphan
0x80116EE0	476	func_80116EE0	medium	1	u32	1	4	48	s0|s1|s2|s3|ra	orphan
0x801170BC	192	func_801170BC	verified	0	u32	1	3	40	s0|s1|ra	
0x8011717C	828	func_8011717C	medium	1	u32	0	5	56	s0|s1|s2|s3|s4|s5|s6|ra	orphan
0x801174B8	360	func_801174B8	medium	0	u32	0	3	32	s0|s1|ra	orphan
0x80117620	248	func_80117620	medium	0	u32	0	3	32	s0|s1|s2|ra	orphan
0x80117718	396	func_80117718	medium	1	u32	0	3	32	s0|s1|s2|ra	orphan
0x801178A4	416	func_801178A4	medium	1	u32	0	4	48	s0|s1|s2|s3|s4|ra	orphan
0x80117A44	368	func_80117A44	medium	0	u32	0	4	40	s0|s1|s2|s3|s4|ra	orphan
0x80117BB4	68	func_80117BB4	low	0	u32	3	0	0		leaf|orphan
0x80117BF8	600	func_80117BF8	medium	0	u32	1	4	40	s0|s1|s2|s3|s4|ra	orphan
0x80117E50	132	func_80117E50	medium	0	u32	0	2	32	s0|s1|ra	orphan
0x80117ED4	616	func_80117ED4	medium	1	u32	0	10	48	s0|s1|s2|s3|s4|s5|ra	orphan
0x8011813C	1004	func_8011813C	medium	0	u32	0	5	64	s0|s1|s2|s3|s4|s5|s6|s7|fp|ra	orphan
0x80118528	244	func_80118528	medium	0	u32	0	4	40	s0|s1|ra	orphan
0x8011861C	552	func_8011861C	verified	1	u32	2	4	40	s0|s1|s2|ra	
0x80118844	452	func_80118844	medium	0	u32	0	4	40	s0|s1|s2|ra	orphan
0x80118A08	396	func_80118A08	medium	1	u32	0	4	48	s0|s1|s2|s3|ra	orphan
0x80118B94	232	func_80118B94	verified	0	u32	2	3	32	s0|s1|ra	
0x80118C7C	368	func_80118C7C	medium	0	u32	0	4	40	s0|s1|ra	orphan
0x80118DEC	136	func_80118DEC	medium	0	u32	0	2	32	s0|s1|ra	orphan
0x80118E74	296	func_80118E74	low	0	u32	0	3	0	s0|s1|ra	orphan
0x80118F9C	344	func_80118F9C	medium	0	u32	0	3	40	s0|s1|s2|s3|s4|ra	orphan
0x801190F4	116	func_801190F4	medium	0	u32	0	2	24	s0|ra	orphan
0x80119168	148	func_80119168	verified	0	u32	1	2	32	s0|s1|ra	
0x801191FC	420	func_801191FC	medium	0	u32	1	5	40	s0|s1|s2|ra	orphan
0x801193A0	28	func_801193A0	high	0	u32	2	0	0		leaf
0x801193BC	512	func_801193BC	medium	0	u32	0	4	48	s0|s1|s2|s3|ra	orphan
0x801195BC	156	func_801195BC	verified	0	u32	1	3	24	s0|ra	
0x80119658	260	func_80119658	medium	0	u32	0	6	32	s0|s1|ra	orphan
0x8011975C	88	func_8011975C	medium	2	u32	0	2	24	s0|ra	orphan
0x801197B4	288	func_801197B4	verified	2	u32	10	1	24	ra	break
0x801198D4	40	func_801198D4	verified	1	u32	2	1	24	ra	
0x801198FC	100	func_801198FC	verified	1	u32	5	1	24	ra	
0x80119960	352	func_80119960	verified	2	u32	2	10	40	s0|s1|s2|s3|ra	
0x80119AC0	152	func_80119AC0	verified	0	u32	1	5	24	s0|ra	indirect
0x80119B58	8	func_80119B58	high	1	void	0	0	0		leaf|addr_taken
0x80119B60	284	func_80119B60	high	1	u32	0	8	24	s0|ra	addr_taken
0x80119C7C	128	func_80119C7C	high	1	u32	0	3	24	s0|ra	addr_taken
0x80119CFC	284	func_80119CFC	high	1	u32	0	5	24	s0|ra	addr_taken
0x80119E18	280	func_80119E18	high	1	u32	0	8	24	s0|ra	addr_taken
0x80119F30	80	func_80119F30	high	1	void	0	4	24	s0|ra	addr_taken
0x80119F80	76	func_80119F80	high	1	u32	0	1	24	s0|ra	addr_taken
0x80119FCC	156	func_80119FCC	verified	1	u32	1	2	32	s0|s1|ra	
0x8011A068	96	func_8011A068	verified	2	u32	1	1	24	s0|ra	addr_taken
0x8011A0C8	84	func_8011A0C8	verified	2	u32	4	1	24	ra	
0x8011A11C	32	func_8011A11C	high	1	u32	5	0	0		leaf|addr_taken
0x8011A13C	56	func_8011A13C	low	2	u32	0	0	0		leaf|orphan
0x8011A174	520	func_8011A174	verified	0	u32	1	9	40	s0|ra	
0x8011A37C	256	func_8011A37C	verified	1	u32	26	3	40	s0|s1|s2|ra	
0x8011A47C	320	func_8011A47C	verified	2	u32	19	3	40	s0|s1|s2|ra	
0x8011A5BC	88	func_8011A5BC	medium	1	u32	0	2	32	s0|s1|ra	orphan
0x8011A614	116	func_8011A614	medium	1	u32	0	1	40	s0|s1|s2|ra	orphan
0x8011A688	136	func_8011A688	verified	1	u32	1	3	40	s0|s1|s2|ra	addr_taken
0x8011A710	348	func_8011A710	verified	1	u32	1	5	32	s0|s1|ra	addr_taken
0x8011A86C	80	func_8011A86C	high	1	u32	1	0	0		leaf
0x8011A8BC	2488	func_8011A8BC	verified	4	u32	1	4	32	s0|s1|ra	
0x8011B274	56	func_8011B274	verified	1	u32	1	1	24	s0|ra	
0x8011B2AC	120	func_8011B2AC	verified	1	u32	1	2	40	s0|s1|s2|ra	
0x8011B324	84	func_8011B324	verified	1	u32	3	2	24	s0|ra	
0x8011B378	176	func_8011B378	verified	1	u32	3	3	40	s0|s1|s2|ra	
0x8011B428	956	func_8011B428	verified	0	u32	1	1	48	s0|s1|s2|s3|s4|ra	
0x8011B7E4	480	func_8011B7E4	verified	0	u32	1	3	40	s0|s1|s2|s3|s4|ra	
0x8011B9C4	56	func_8011B9C4	verified	0	void	1	4	24	ra	
0x8011B9FC	48	func_8011B9FC	medium	0	void	0	3	24	ra	orphan
0x8011BA2C	204	func_8011BA2C	medium	0	u32	0	2	24	s0|ra	orphan|indirect
0x8011BAF8	76	func_8011BAF8	high	1	u32	0	3	24	s0|ra	addr_taken
0x8011BB44	192	func_8011BB44	high	1	u32	0	2	24	s0|ra	addr_taken
0x8011BC04	240	func_8011BC04	high	1	u32	0	3	24	s0|ra	addr_taken
0x8011BCF4	148	func_8011BCF4	medium	0	u32	0	1	24	s0|ra	orphan|indirect
0x8011BD88	84	func_8011BD88	high	1	u32	0	2	24	s0|ra	addr_taken
0x8011BDDC	224	func_8011BDDC	high	1	u32	0	3	32	s0|s1|ra	addr_taken
0x8011BEBC	140	func_8011BEBC	medium	0	u32	0	1	24	s0|ra	orphan|indirect
0x8011BF48	108	func_8011BF48	high	1	u32	0	2	24	s0|ra	addr_taken
0x8011BFB4	212	func_8011BFB4	high	1	u32	0	3	24	s0|ra	addr_taken
0x8011C088	60	func_8011C088	high	1	u32	0	1	24	s0|ra	addr_taken
0x8011C0C4	440	func_8011C0C4	high	1	u32	0	4	24	s0|ra	addr_taken
0x8011C27C	76	func_8011C27C	high	1	u32	0	1	24	ra	addr_taken
0x8011C2C8	140	func_8011C2C8	medium	0	u32	0	1	24	s0|ra	orphan|indirect
0x8011C354	140	func_8011C354	high	1	u32	0	2	24	s0|ra	addr_taken
0x8011C3E0	220	func_8011C3E0	high	1	u32	0	3	24	s0|ra	addr_taken
0x8011C4BC	388	func_8011C4BC	high	1	u32	0	3	24	s0|ra	addr_taken
0x8011C640	408	func_8011C640	high	1	u32	0	1	24	s0|ra	addr_taken
0x8011C7D8	212	func_8011C7D8	high	1	u32	0	3	24	s0|ra	addr_taken
0x8011C8AC	364	func_8011C8AC	high	1	u32	0	3	32	s0|ra	addr_taken
0x8011CA18	176	func_8011CA18	high	1	u32	0	1	32	s0|ra	addr_taken|indirect
0x8011CAC8	220	func_8011CAC8	high	1	u32	0	3	24	s0|ra	addr_taken
0x8011CBA4	200	func_8011CBA4	high	1	u32	0	2	24	s0|ra	addr_taken
0x8011CC6C	408	func_8011CC6C	high	1	u32	0	2	24	s0|ra	addr_taken
0x8011CE04	120	func_8011CE04	verified	0	u32	1	2	24	s0|ra	indirect
0x8011CE7C	104	func_8011CE7C	high	1	u32	0	2	24	s0|ra	addr_taken
0x8011CEE4	140	func_8011CEE4	high	1	u32	0	1	24	s0|ra	addr_taken
0x8011CF70	180	func_8011CF70	high	1	u32	0	2	24	s0|ra	addr_taken
0x8011D024	120	func_8011D024	medium	0	u32	0	2	24	s0|ra	orphan|indirect
0x8011D09C	76	func_8011D09C	high	1	u32	0	2	24	s0|ra	addr_taken
0x8011D0E8	148	func_8011D0E8	high	1	u32	0	1	24	s0|ra	addr_taken
0x8011D17C	112	func_8011D17C	high	1	u32	0	1	24	s0|ra	addr_taken
0x8011D1EC	172	func_8011D1EC	high	1	u32	0	1	32	s0|ra	addr_taken
0x8011D298	148	func_8011D298	medium	0	u32	0	1	24	s0|ra	orphan|indirect
0x8011D32C	76	func_8011D32C	high	1	u32	0	2	48	s0|ra	addr_taken
0x8011D378	216	func_8011D378	high	1	u32	0	3	24	s0|ra	addr_taken
0x8011D450	420	func_8011D450	high	1	u32	0	3	32	s0|ra	addr_taken
0x8011D5F4	112	func_8011D5F4	high	1	u32	0	2	32	s0|ra	addr_taken
0x8011D664	392	func_8011D664	high	1	u32	0	2	24	s0|ra	addr_taken
0x8011D7EC	216	func_8011D7EC	high	1	u32	0	3	24	s0|ra	addr_taken
0x8011D8C4	444	func_8011D8C4	high	1	u32	0	6	32	s0|ra	addr_taken
0x8011DA80	152	func_8011DA80	verified	1	u32	3	2	24	s0|ra	
0x8011DB18	28	func_8011DB18	high	2	u32	7	0	0		leaf|addr_taken
0x8011DB34	92	func_8011DB34	verified	1	u32	13	2	24	s0|ra	
0x8011DB90	96	func_8011DB90	medium	1	u32	4	2	24	s0|ra	orphan
0x8011DBF0	596	func_8011DBF0	verified	2	u32	17	1	48	s0|s1|s2|s3|s4|ra	
0x8011DE44	44	func_8011DE44	high	0	u32	1	0	0		leaf
0x8011DE70	244	func_8011DE70	verified	0	u32	1	3	32	ra	
0x8011DF64	84	func_8011DF64	verified	0	void	1	5	24	ra	
0x8011DFB8	96	func_8011DFB8	medium	0	void	0	3	24	s0|ra	orphan
0x8011E018	76	func_8011E018	high	1	u32	2	3	0	s0|ra	
0x8011E064	48	func_8011E064	medium	1	u32	0	1	24	ra	orphan
0x8011E094	1352	func_8011E094	verified	0	u32	1	1	40	s0|s1|s2|s3|s4|ra	
0x8011E5DC	140	func_8011E5DC	verified	0	u32	2	1	24	s0|ra	
0x8011E668	4768	func_8011E668	verified	4	u32	2	6	96	s0|s1|s2|s3|s4|s5|s6|s7|fp|ra	
0x8011F908	32	func_8011F908	medium	0	void	0	1	24	ra	orphan
0x8011F928	8	func_8011F928	low	0	void	0	0	0		leaf|orphan
0x8011F930	8	func_8011F930	low	0	void	0	0	0		leaf|orphan
0x8011F938	128	func_8011F938	high	0	u32	1	1	0	s0|s1|ra	
0x8011F9B8	284	func_8011F9B8	high	4	u32	79	0	0		leaf
0x8011FAD4	36	func_8011FAD4	verified	0	u32	3	1	24	ra	
0x8011FAF8	144	func_8011FAF8	high	0	u32	3	0	0		leaf
0x8011FB88	312	func_8011FB88	high	0	u32	1	1	0	ra	
0x8011FCC0	292	func_8011FCC0	high	0	u32	1	0	0		leaf
0x8011FDE4	92	func_8011FDE4	high	0	u32	1	0	0		leaf
0x8011FE40	52	func_8011FE40	high	0	u32	1	0	0		leaf
0x8011FE74	8	func_8011FE74	low	0	u32	0	0	0		leaf|orphan
0x8011FE7C	76	func_8011FE7C	low	0	u32	0	0	0		leaf|orphan
0x8011FEC8	116	func_8011FEC8	high	1	u32	7	0	0		leaf
0x8011FF3C	72	func_8011FF3C	high	4	u32	20	0	0		leaf
0x8011FF84	28	func_8011FF84	low	0	u32	0	0	0		leaf|orphan
0x8011FFA0	36	func_8011FFA0	high	0	u32	1	0	0		leaf
0x8011FFC4	8	func_8011FFC4	low	0	void	0	0	0		leaf|orphan
0x8011FFCC	152	func_8011FFCC	verified	0	u32	9	2	40	s0|s1|s2|s3|ra	addr_taken|indirect
0x80120064	96	func_80120064	high	1	u32	0	1	24	s0|ra	addr_taken
0x801200C4	96	func_801200C4	high	1	u32	0	1	24	s0|ra	addr_taken
0x80120124	96	func_80120124	high	1	u32	0	1	24	s0|ra	addr_taken
0x80120184	80	func_80120184	high	1	u32	0	1	24	s0|ra	addr_taken
0x801201D4	88	func_801201D4	high	1	u32	0	1	24	s0|ra	addr_taken
0x8012022C	80	func_8012022C	medium	1	u32	0	1	24	s0|ra	orphan
0x8012027C	96	func_8012027C	high	1	u32	0	1	24	s0|ra	addr_taken
0x801202DC	72	func_801202DC	high	1	u32	0	1	24	s0|ra	addr_taken
0x80120324	64	func_80120324	high	1	u32	0	1	24	s0|ra	addr_taken
0x80120364	64	func_80120364	high	1	u32	0	1	24	s0|ra	addr_taken
0x801203A4	64	func_801203A4	high	1	u32	0	1	24	s0|ra	addr_taken
0x801203E4	64	func_801203E4	high	1	u32	0	1	24	s0|ra	addr_taken
0x80120424	64	func_80120424	high	1	u32	0	1	24	s0|ra	addr_taken
0x80120464	96	func_80120464	high	1	u32	0	2	24	s0|ra	addr_taken
0x801204C4	80	func_801204C4	verified	1	u32	2	1	24	s0|ra	
0x80120514	80	func_80120514	verified	1	u32	9	1	24	s0|ra	
0x80120564	80	func_80120564	verified	1	u32	2	1	24	s0|ra	
0x801205B4	80	func_801205B4	verified	1	u32	2	1	24	s0|ra	
0x80120604	80	func_80120604	high	1	u32	1	0	0		leaf
0x80120654	176	func_80120654	low	4	u32	0	0	0		leaf|orphan
0x80120704	124	func_80120704	high	1	u32	1	0	0		leaf
0x80120780	168	func_80120780	low	4	u32	0	0	0		leaf|orphan
0x80120828	212	func_80120828	high	1	u32	1	0	0		leaf
0x801208FC	36	func_801208FC	low	2	u32	0	0	0		leaf|orphan
0x80120920	280	func_80120920	high	1	u32	1	0	0		leaf
0x80120A38	36	func_80120A38	low	2	u32	0	0	0		leaf|orphan
0x80120A5C	116	func_80120A5C	medium	0	u32	0	2	24	s0|ra	orphan
0x80120AD0	116	func_80120AD0	medium	0	u32	0	2	24	s0|ra	orphan
0x80120B44	36	func_80120B44	verified	0	u32	2	1	24	ra	
0x80120B68	36	func_80120B68	verified	0	u32	2	1	24	ra	
0x80120B8C	172	func_80120B8C	verified	0	u32	1	2	24	ra	
0x80120C38	180	func_80120C38	verified	0	u32	1	2	24	ra	
0x80120CEC	164	func_80120CEC	verified	0	u32	1	2	24	ra	
0x80120D90	168	func_80120D90	verified	0	u32	1	2	24	ra	
0x80120E38	220	func_80120E38	medium	0	u32	0	2	24	ra	orphan
0x80120F14	184	func_80120F14	medium	0	u32	0	2	24	ra	orphan
0x80120FCC	84	func_80120FCC	low	0	u32	0	0	0		leaf|orphan
0x80121020	152	func_80121020	high	0	u32	1	0	0		leaf
0x801210B8	192	func_801210B8	high	0	u32	0	1	0	ra	addr_taken
0x80121178	200	func_80121178	high	0	u32	0	1	0	s0|ra	addr_taken
0x80121240	588	func_80121240	verified	4	u32	3	0	24	s0|s1|s2|s3|s4	leaf
0x8012148C	116	func_8012148C	medium	0	u32	0	1	24	ra	orphan
0x80121500	52	func_80121500	medium	0	u32	0	1	24	ra	orphan
0x80121534	52	func_80121534	medium	0	u32	0	1	24	ra	orphan
0x80121568	52	func_80121568	medium	0	u32	0	1	24	ra	orphan
0x8012159C	52	func_8012159C	medium	0	u32	0	1	24	ra	orphan
0x801215D0	52	func_801215D0	medium	0	u32	0	1	24	ra	orphan
0x80121604	144	func_80121604	low	3	u32	6	0	0		leaf|orphan
0x80121694	184	func_80121694	high	0	u32	1	1	0	s0|s1|s2|s3|ra	
0x8012174C	104	func_8012174C	medium	0	u32	0	2	24	ra	orphan
0x801217B4	104	func_801217B4	medium	0	u32	0	2	24	ra	orphan
0x8012181C	104	func_8012181C	medium	0	u32	0	2	24	ra	orphan
0x80121884	200	func_80121884	high	0	u32	0	1	0	ra	addr_taken
0x8012194C	12	func_8012194C	low	0	void	0	0	0		leaf|break|orphan
0x80121958	60	func_80121958	low	0	u32	0	0	0		leaf|orphan
0x80121994	68	func_80121994	low	1	u32	0	0	0		leaf|orphan
0x801219D8	168	func_801219D8	high	2	u32	3	0	0		leaf
0x80121A80	192	func_80121A80	low	2	u32	1	0	0		leaf|orphan
0x80121B40	80	func_80121B40	high	1	u32	5	0	0		leaf
0x80121B90	32	func_80121B90	high	1	u32	10	0	0		leaf
0x80121BB0	12	func_80121BB0	low	0	u32	56	0	0		leaf
0x80121BBC	52	func_80121BBC	medium	1	u32	0	0	8		leaf|orphan
0x80121BF0	104	func_80121BF0	medium	1	u32	0	2	24	s0|ra	orphan
0x80121C58	32	func_80121C58	medium	2	void	1	1	24	ra	orphan
0x80121C78	60	func_80121C78	medium	1	u32	1	1	24	ra	orphan
0x80121CB4	100	func_80121CB4	medium	1	u32	0	2	24	ra	orphan
0x80121D18	76	func_80121D18	medium	2	u32	1	1	24	ra	orphan
0x80121D64	148	func_80121D64	medium	1	u32	1	1	24	ra	orphan
0x80121DF8	148	func_80121DF8	medium	1	u32	1	1	24	s0|ra	orphan
0x80121E8C	192	func_80121E8C	verified	1	u32	14	2	24	s0|ra	
0x80121F4C	236	func_80121F4C	medium	2	u32	0	2	32	s0|s1|s2|ra	orphan
0x80122038	72	func_80122038	verified	1	u32	42	0	24	ra	indirect
0x80122080	120	func_80122080	high	1	u32	0	0	0		leaf|addr_taken
0x801220F8	12	func_801220F8	high	1	u32	0	0	0		leaf|addr_taken
0x80122104	48	func_80122104	high	1	u32	0	0	0		leaf|addr_taken
0x80122134	32	func_80122134	high	1	u32	0	0	0		leaf|addr_taken
0x80122154	104	func_80122154	verified	2	u32	23	1	24	ra	
0x801221BC	72	func_801221BC	high	1	u32	20	0	0		leaf
0x80122204	128	func_80122204	low	2	u32	0	0	0		leaf|orphan
0x80122284	112	func_80122284	medium	2	u32	0	1	24	ra	orphan
0x801222F4	68	func_801222F4	low	1	u32	0	0	0		leaf|orphan
0x80122338	156	func_80122338	low	2	u32	0	0	0		leaf|orphan
0x801223D4	64	func_801223D4	medium	0	u32	0	0	24	ra	orphan|indirect
0x80122414	8	func_80122414	high	0	void	0	0	0		leaf|addr_taken
0x8012241C	804	func_8012241C	medium	4	u32	0	1	24	s0|ra	orphan
0x80122740	64	func_80122740	medium	0	void	0	5	24	ra	orphan
0x80122780	64	func_80122780	medium	0	void	1	5	24	ra	orphan
0x801227C0	48	func_801227C0	medium	0	void	0	3	24	ra	orphan
0x801227F0	32	func_801227F0	medium	0	void	0	1	24	ra	orphan
0x80122810	80	func_80122810	verified	0	void	3	7	24	ra	
0x80122860	356	func_80122860	verified	0	u32	3	6	24	ra	
0x801229C4	124	func_801229C4	verified	0	u32	2	5	24	ra	
0x80122A40	124	func_80122A40	medium	0	u32	1	5	24	ra	orphan
0x80122ABC	236	func_80122ABC	verified	0	u32	2	1	32	s0|s1|ra	
0x80122BA8	236	func_80122BA8	verified	0	u32	2	1	32	s0|s1|ra	
0x80122C94	188	func_80122C94	verified	0	u32	3	1	24	ra	
0x80122D50	236	func_80122D50	verified	0	u32	1	1	32	s0|s1|ra	
0x80122E3C	20	func_80122E3C	high	0	u32	3	0	0		leaf
0x80122E50	20	func_80122E50	low	0	u32	0	0	0		leaf|orphan
0x80122E64	64	func_80122E64	high	0	u32	2	0	0		leaf
0x80122EA4	472	func_80122EA4	verified	0	u32	3	1	32	s0|s1|ra	
0x8012307C	236	func_8012307C	verified	0	u32	3	1	32	s0|s1|ra	
0x80123168	68	func_80123168	high	0	u32	1	0	0		leaf
0x801231AC	72	func_801231AC	verified	0	void	3	1	24	ra	
0x801231F4	72	func_801231F4	high	1	void	1	0	0		leaf
0x8012323C	104	func_8012323C	verified	0	u32	1	1	32	s0|s1|ra	
0x801232A4	40	func_801232A4	low	0	u32	1	0	0		leaf|orphan
0x801232CC	40	func_801232CC	high	0	u32	3	0	0		leaf
0x801232F4	108	func_801232F4	verified	0	u32	1	2	32	s0|s1|ra	
0x80123360	100	func_80123360	verified	0	u32	1	1	32	s0|s1|ra	
0x801233C4	128	func_801233C4	high	0	u32	2	0	0		leaf
0x80123444	40	func_80123444	high	0	u32	1	0	0		leaf
0x8012346C	56	func_8012346C	low	1	u32	1	0	0		leaf|orphan
0x801234A4	56	func_801234A4	low	4	u32	0	0	0		leaf|orphan
0x801234DC	44	func_801234DC	low	4	u32	0	0	0		leaf|orphan
0x80123534	64	func_80123534	verified	2	u32	8	1	32	ra	
0x80123574	64	func_80123574	verified	2	u32	23	1	32	ra	
0x801235B4	88	func_801235B4	medium	2	u32	0	1	32	ra	orphan
0x8012360C	64	func_8012360C	medium	2	u32	0	1	32	ra	orphan
0x8012364C	48	func_8012364C	low	1	u32	0	0	0		leaf|orphan
0x8012367C	40	func_8012367C	low	4	u32	0	0	0		leaf|orphan
0x801236A4	44	func_801236A4	high	4	u32	4	0	0		leaf
0x801236D0	36	func_801236D0	low	3	u32	0	0	0		leaf|orphan
0x801236F4	152	func_801236F4	low	1	u32	1	0	0		leaf|orphan
0x8012378C	32	func_8012378C	low	1	u32	0	0	0		leaf|orphan
0x801237AC	44	func_801237AC	verified	0	u32	5	1	24	ra	addr_taken
0x801237D8	44	func_801237D8	verified	0	u32	7	1	24	ra	addr_taken
0x80123804	44	func_80123804	medium	0	u32	0	1	24	ra	orphan
0x80123830	44	func_80123830	medium	0	u32	0	1	24	ra	orphan
0x8012385C	48	func_8012385C	high	1	u32	1	0	0		leaf|addr_taken
0x8012388C	96	func_8012388C	verified	2	void	4	1	32	s0|s1|ra	
0x801238EC	108	func_801238EC	low	0	u32	0	0	0		leaf|orphan
0x80123958	40	func_80123958	high	1	u32	9	0	0		leaf
0x80123980	624	func_80123980	medium	2	u32	0	7	40	s0|s1|s2|s3|s4|ra	orphan
0x80123BF0	212	func_80123BF0	medium	1	u32	0	7	24	s0|ra	orphan
0x80123CC4	304	func_80123CC4	medium	3	u32	1	1	32	s0|s1|s2|ra	orphan
0x80123DF4	92	func_80123DF4	low	2	u32	1	0	0		leaf|orphan
0x80123E50	668	func_80123E50	medium	2	u32	0	6	56	s0|s1|s2|s3|s4|s5|ra	orphan
0x801240EC	68	func_801240EC	medium	0	u32	2	1	24	ra	orphan
0x80124130	104	func_80124130	medium	1	u32	0	1	24	ra	orphan|indirect
0x80124198	132	func_80124198	high	2	u32	0	1	24	ra	addr_taken
0x8012421C	112	func_8012421C	high	2	u32	0	2	32	s0|s1|ra	addr_taken
0x8012428C	396	func_8012428C	high	2	u32	0	5	56	s0|s1|s2|s3|s4|s5|s6|s7|ra	addr_taken
0x80124418	468	func_80124418	medium	2	u32	0	5	32	s0|s1|ra	orphan
0x801245EC	340	func_801245EC	medium	2	u32	1	3	32	s0|s1|s2|ra	orphan
0x80124740	64	func_80124740	low	1	u32	1	0	0		leaf|orphan
0x80124780	52	func_80124780	low	2	u32	1	0	0		leaf|orphan
0x801247B4	104	func_801247B4	medium	1	u32	0	1	24	ra	orphan|indirect
0x8012481C	800	func_8012481C	high	2	u32	0	3	40	s0|s1|s2|s3|ra	addr_taken
0x80124B3C	48	func_80124B3C	high	1	u32	0	1	24	ra	addr_taken
0x80124B6C	160	func_80124B6C	high	2	u32	0	1	32	s0|s1|s2|ra	addr_taken
0x80124C0C	20	func_80124C0C	high	1	u32	0	0	0		leaf|addr_taken
0x80124C20	128	func_80124C20	high	2	u32	0	1	24	s0|ra	addr_taken
0x80124CA0	140	func_80124CA0	verified	2	u32	2	1	24	ra	
0x80124D2C	132	func_80124D2C	verified	1	u32	1	1	24	s0|ra	
0x80124DB0	460	func_80124DB0	medium	2	u32	0	20	32	s0|s1|ra	orphan
0x80124F7C	48	func_80124F7C	low	2	u32	1	0	0		leaf|orphan
0x80124FAC	52	func_80124FAC	low	2	u32	0	0	0		leaf|orphan
0x80124FE0	72	func_80124FE0	low	2	u32	1	0	0		leaf|orphan
0x80125028	60	func_80125028	medium	2	u32	1	1	24	ra	orphan
0x80125064	140	func_80125064	medium	0	u32	2	2	24	ra	orphan|indirect
0x801250F0	48	func_801250F0	high	0	u32	0	0	0		leaf|addr_taken
0x80125120	72	func_80125120	high	0	u32	0	0	0		leaf|addr_taken
0x80125168	72	func_80125168	high	0	u32	0	0	0		leaf|addr_taken
0x801251B0	68	func_801251B0	high	0	u32	0	0	0		leaf|addr_taken
0x801251F4	248	func_801251F4	medium	0	u32	0	1	24	ra	orphan
0x801252EC	40	func_801252EC	low	0	u32	0	1	0	ra	orphan
0x80125314	8	func_80125314	low	0	void	1	0	0		leaf|orphan
0x8012531C	96	func_8012531C	medium	2	u32	0	2	24	ra	orphan
0x8012537C	32	func_8012537C	low	2	u32	0	0	0		leaf|orphan
0x8012539C	80	func_8012539C	low	2	u32	0	0	0		leaf|orphan
0x801253EC	248	func_801253EC	medium	2	u32	1	1	24	s0|ra	orphan
0x801254E4	152	func_801254E4	medium	1	u32	1	2	40	s0|s1|s2|s3|ra	orphan
0x8012557C	472	func_8012557C	verified	2	u32	1	1	24	ra	
0x80125754	116	func_80125754	medium	0	u32	0	1	32	s0|s1|ra	orphan
0x801257C8	44	func_801257C8	low	2	u32	1	0	0		leaf|orphan
0x801257F4	16	func_801257F4	low	0	u32	0	0	0		leaf|orphan
0x8012580C	124	func_8012580C	verified	0	u32	9	1	32	s0|s1|ra	
0x80125888	124	func_80125888	verified	0	u32	1	1	32	s0|s1|ra	
0x80125904	156	func_80125904	medium	0	u32	0	2	32	s0|s1|ra	orphan
0x801259A0	32	func_801259A0	high	2	u32	3	0	0		leaf
0x801259C0	64	func_801259C0	medium	0	u32	1	0	24	ra	orphan|indirect
0x80125A00	52	func_80125A00	high	0	void	0	2	24	s0|ra	addr_taken
0x80125A34	60	func_80125A34	high	0	void	0	3	24	s0|ra	addr_taken
0x80125A70	60	func_80125A70	high	0	void	0	3	24	s0|ra	addr_taken
0x80125AAC	60	func_80125AAC	high	0	void	0	3	24	s0|ra	addr_taken
0x80125AE8	140	func_80125AE8	verified	1	u32	3	1	24	ra	
0x80125B74	140	func_80125B74	verified	1	u32	3	1	24	ra	
0x80125C00	140	func_80125C00	verified	1	u32	3	1	24	ra	
0x80125C8C	140	func_80125C8C	verified	1	u32	2	1	24	ra	
0x80125D18	60	func_80125D18	high	3	u32	4	0	0		leaf
0x80125D54	332	func_80125D54	medium	0	u32	1	3	32	s0|s1|ra	orphan
0x80125EA0	192	func_80125EA0	medium	0	u32	1	2	32	ra	orphan|indirect
0x80125F60	100	func_80125F60	high	1	u32	0	1	32	ra	addr_taken
0x80125FC4	116	func_80125FC4	high	1	u32	0	1	32	ra	addr_taken
0x80126038	116	func_80126038	high	1	u32	0	1	32	ra	addr_taken
0x801260AC	116	func_801260AC	high	1	u32	0	1	32	ra	addr_taken
0x80126120	136	func_80126120	high	4	u32	10	0	0		leaf
0x801261A8	96	func_801261A8	medium	0	void	1	1	32	ra	orphan
0x80126208	104	func_80126208	verified	0	void	2	2	32	ra	
0x80126270	56	func_80126270	verified	0	void	1	2	32	ra	
0x801262A8	80	func_801262A8	medium	0	void	0	2	32	ra	orphan
0x801262F8	108	func_801262F8	verified	1	void	3	1	32	s0|ra	
0x80126364	104	func_80126364	low	0	u32	1	0	0		leaf|orphan
0x801263CC	84	func_801263CC	high	0	u32	1	0	0		leaf
0x80126420	92	func_80126420	medium	0	u32	0	1	24	ra	orphan
0x8012647C	72	func_8012647C	low	0	u32	0	0	0		leaf|orphan
0x801264C4	52	func_801264C4	low	1	u32	0	0	0		leaf|orphan
0x801264F8	20	func_801264F8	low	0	u32	0	0	0		leaf|orphan
0x8012650C	16	func_8012650C	low	0	u32	0	0	0		leaf|orphan
0x8012651C	104	func_8012651C	low	1	u32	0	0	0		leaf|orphan
0x80126584	32	func_80126584	medium	0	void	1	1	24	ra	orphan
0x801265A4	196	func_801265A4	low	0	u32	1	0	0		leaf|orphan
0x80126668	32	func_80126668	low	1	u32	0	0	0		leaf|orphan
0x80126688	44	func_80126688	low	2	u32	0	0	0		leaf|orphan
0x801266B4	28	func_801266B4	low	3	u32	0	0	0		leaf|orphan
0x801266D0	40	func_801266D0	low	2	u32	0	0	0		leaf|orphan
0x801266F8	20	func_801266F8	low	1	u32	0	0	0		leaf|orphan
0x8012670C	68	func_8012670C	medium	0	u32	1	0	24	ra	orphan|indirect
0x80126750	236	func_80126750	high	0	u32	0	5	0	s0|ra	addr_taken
0x8012683C	168	func_8012683C	high	0	u32	0	3	0	ra	addr_taken
0x801268E4	760	func_801268E4	high	4	u32	1	3	0	s0|ra	
0x80126BDC	68	func_80126BDC	high	0	u32	0	0	24	ra	addr_taken|indirect
0x80126C20	32	func_80126C20	high	0	void	0	1	24	ra	addr_taken
0x80126C40	32	func_80126C40	medium	0	void	0	1	24	ra	orphan
0x80126C60	36	func_80126C60	high	0	u32	0	1	24	ra	addr_taken
0x80126C84	432	func_80126C84	high	4	u32	0	9	0	ra	addr_taken
0x80126E34	92	func_80126E34	high	0	u32	1	1	0	ra	
0x80126E90	368	func_80126E90	verified	1	u32	3	2	48	s0|s1|s2|s3|ra	
0x80127000	84	func_80127000	high	0	u32	2	0	0		leaf
0x80127054	92	func_80127054	high	0	u32	3	2	0	ra	
0x801270B0	60	func_801270B0	medium	1	u32	0	0	24	ra	orphan|indirect
0x801270EC	244	func_801270EC	high	1	u32	0	4	24	s0|ra	addr_taken
0x801271E0	452	func_801271E0	high	1	u32	0	3	24	s0|ra	addr_taken
0x801273A4	100	func_801273A4	high	1	u32	0	1	24	ra	addr_taken
0x80127408	40	func_80127408	high	1	u32	1	0	0		leaf|addr_taken
0x80127430	8	func_80127430	low	0	void	1	0	0		leaf|orphan
0x80127438	632	func_80127438	verified	1	u32	1	1	40	s0|s1|s2|s3|s4|ra	
0x801276B0	632	func_801276B0	verified	1	u32	1	1	48	s0|s1|s2|s3|s4|s5|ra	
0x80127928	500	func_80127928	verified	1	u32	3	1	72	s0|s1|s2|s3|s4|s5|s6|s7|ra	
0x80127B1C	60	func_80127B1C	high	1	u32	1	0	0		leaf
0x80127B58	136	func_80127B58	low	1	u32	0	0	0		leaf|orphan
0x80127BE0	96	func_80127BE0	low	4	u32	0	0	0		leaf|orphan
0x80127C40	120	func_80127C40	low	4	u32	0	0	0		leaf|orphan
0x80127CB8	160	func_80127CB8	high	1	u32	1	0	0		leaf
0x80127D58	20	func_80127D58	low	0	u32	0	0	0		leaf|orphan
0x80127D6C	288	func_80127D6C	medium	0	u32	2	0	24	ra	orphan|indirect
0x80127E8C	112	func_80127E8C	medium	1	u32	0	1	24	s0|ra	orphan
0x80127EFC	136	func_80127EFC	low	2	u32	0	0	0		leaf|orphan
0x80127F84	116	func_80127F84	low	2	u32	0	0	0		leaf|orphan
0x80127FF8	124	func_80127FF8	low	2	u32	0	0	0		leaf|orphan
0x80128074	448	func_80128074	low	3	u32	0	0	0		leaf|orphan
0x80128234	184	func_80128234	medium	1	u32	0	2	24	s0|ra	orphan
0x801282EC	196	func_801282EC	low	0	u32	0	0	0		leaf|orphan
0x801283B0	296	func_801283B0	low	1	u32	1	3	0	s0|ra	orphan
0x801284D8	76	func_801284D8	low	2	u32	1	0	0		leaf|orphan
0x80128524	80	func_80128524	low	2	u32	1	0	0		leaf|orphan
0x80128574	300	func_80128574	low	1	u32	1	1	0	s0|ra	orphan
0x801286A0	64	func_801286A0	medium	0	u32	1	0	24	ra	orphan|indirect
0x801286E0	52	func_801286E0	high	2	void	0	1	24	ra	addr_taken
0x80128714	60	func_80128714	high	2	void	0	1	32	ra	addr_taken
0x80128750	60	func_80128750	high	2	void	0	1	32	ra	addr_taken
0x8012878C	60	func_8012878C	high	2	void	0	1	32	ra	addr_taken
0x801287C8	88	func_801287C8	verified	2	u32	2	0	24	ra	indirect
0x80128820	132	func_80128820	high	4	u32	0	0	0		leaf|addr_taken
0x801288A4	44	func_801288A4	high	4	u32	0	0	0		leaf|addr_taken
0x801288D0	44	func_801288D0	high	4	u32	0	0	0		leaf|addr_taken
0x801288FC	28	func_801288FC	high	4	u32	0	0	0		leaf|addr_taken
0x80128918	296	func_80128918	verified	4	u32	3	1	24	ra	
0x80128A40	64	func_80128A40	medium	0	u32	1	0	24	ra	orphan|indirect
0x80128A80	48	func_80128A80	high	1	void	0	1	24	ra	addr_taken
0x80128AB0	56	func_80128AB0	high	1	void	0	1	24	ra	addr_taken
0x80128AE8	56	func_80128AE8	high	1	void	0	1	24	ra	addr_taken
0x80128B20	56	func_80128B20	high	1	void	0	1	24	ra	addr_taken
0x80128B58	88	func_80128B58	verified	2	u32	2	0	24	ra	indirect
0x80128BB0	44	func_80128BB0	high	3	u32	0	0	0		leaf|addr_taken
0x80128BDC	12	func_80128BDC	high	3	u32	0	0	0		leaf|addr_taken
0x80128BE8	12	func_80128BE8	high	3	u32	0	0	0		leaf|addr_taken
0x80128BF4	24	func_80128BF4	high	3	u32	0	0	0		leaf|addr_taken
0x80128C0C	208	func_80128C0C	verified	4	u32	3	1	24	ra	
0x80128CDC	652	func_80128CDC	low	1	u32	2	0	0		leaf|orphan
0x80128F68	20	func_80128F68	low	0	u32	0	0	0		leaf|orphan
0x80128F7C	172	func_80128F7C	medium	1	u32	2	1	40	s0|s1|s2|ra	orphan
0x80129028	136	func_80129028	low	3	u32	0	0	0		leaf|orphan
0x801290B0	676	func_801290B0	medium	3	u32	0	1	48	s0|s1|s2|s3|s4|s5|ra	orphan
0x80129354	488	func_80129354	low	3	u32	0	0	0		leaf|orphan
0x8012953C	1096	func_8012953C	low	3	u32	0	1	0	s0|s1|s2|ra	break|orphan
0x80129984	1044	func_80129984	low	3	u32	0	1	0	s0|s1|s2|s3|ra	break|orphan
0x80129D98	1116	func_80129D98	low	3	u32	0	1	0	s0|s1|s2|ra	break|orphan
0x8012A1F4	1120	func_8012A1F4	medium	2	u32	0	0	16	s0|s1|s2|s3	leaf|break|orphan
0x8012A654	1124	func_8012A654	medium	2	u32	0	0	16	s0|s1|s2	leaf|break|orphan
0x8012AAB8	308	func_8012AAB8	medium	1	u32	0	1	48	s0|s1|s2|s3|s4|s5|ra	orphan
0x8012ABEC	652	func_8012ABEC	medium	1	u32	0	1	24	ra	orphan
0x8012AE78	116	func_8012AE78	high	2	u32	2	0	0		leaf
0x8012AEEC	92	func_8012AEEC	verified	1	u32	2	2	24	s0|ra	
0x8012AF48	412	func_8012AF48	verified	0	u32	1	2	48	s0|s1|s2|s3|s4|s5|ra	
0x8012B0E4	196	func_8012B0E4	medium	0	u32	2	16	24	s0|ra	orphan
0x8012B1A8	648	func_8012B1A8	medium	1	u32	1	1	48	s0|s1|s2|s3|s4|s5|ra	orphan
0x8012B430	360	func_8012B430	medium	1	u32	1	1	40	s0|s1|s2|s3|s4|ra	orphan
0x8012B598	648	func_8012B598	medium	1	u32	1	1	40	s0|s1|s2|s3|s4|ra	orphan
0x8012B820	368	func_8012B820	low	1	u32	1	1	0	s0|s1|s2|s3|s4|ra	orphan
0x8012B990	188	func_8012B990	medium	1	u32	1	1	40	s0|s1|s2|s3|s4|ra	orphan
0x8012BA4C	152	func_8012BA4C	low	1	u32	1	1	0	s0|s1|s2|ra	orphan
0x8012BAE4	744	func_8012BAE4	medium	2	u32	1	1	40	s0|s1|s2|s3|ra	orphan
0x8012BDCC	160	func_8012BDCC	low	1	u32	1	1	0	s0|s1|ra	orphan
0x8012BE6C	116	func_8012BE6C	medium	3	u32	1	0	24	ra	orphan|indirect
0x8012BEE0	8	func_8012BEE0	high	0	void	0	0	0		leaf|addr_taken
0x8012BEE8	260	func_8012BEE8	high	3	u32	0	1	40	s0|s1|s2|s3|s4|ra	addr_taken
0x8012BFEC	824	func_8012BFEC	verified	3	u32	1	0	16	s0|s1|s2	leaf
0x8012C324	244	func_8012C324	high	4	u32	0	2	24	ra	addr_taken
0x8012C418	96	func_8012C418	medium	2	u32	5	1	32	s0|s1|ra	orphan|indirect
0x8012C478	1244	func_8012C478	verified	1	u32	5	1	40	s0|s1|s2|s3|ra	addr_taken
0x8012C954	1016	func_8012C954	verified	1	u32	3	0	8	s0	leaf|addr_taken
0x8012CD4C	56	func_8012CD4C	high	1	u32	0	1	24	ra	addr_taken
0x8012CD84	56	func_8012CD84	high	1	u32	0	1	24	ra	addr_taken
0x8012CDBC	204	func_8012CDBC	verified	2	u32	3	1	40	s0|s1|s2|s3|s4|ra	
0x8012CE88	128	func_8012CE88	high	1	u32	0	1	32	s0|s1|ra	addr_taken
0x8012CF08	56	func_8012CF08	high	1	u32	0	1	24	ra	addr_taken
0x8012CF40	56	func_8012CF40	high	1	u32	0	1	24	ra	addr_taken
0x8012CF78	204	func_8012CF78	verified	2	u32	3	1	40	s0|s1|s2|s3|s4|ra	
0x8012D044	196	func_8012D044	high	1	u32	0	1	40	s0|s1|s2|s3|ra	addr_taken
0x8012D108	64	func_8012D108	high	1	u32	0	1	24	ra	addr_taken
0x8012D148	64	func_8012D148	high	1	u32	0	1	24	ra	addr_taken
0x8012D188	372	func_8012D188	high	1	u32	0	3	40	s0|s1|s2|s3|ra	addr_taken
0x8012D2FC	80	func_8012D2FC	high	1	u32	0	1	24	s0|ra	addr_taken
0x8012D34C	392	func_8012D34C	verified	1	u32	1	2	56	s0|s1|s2|s3|s4|s5|s6|s7|fp|ra	indirect
0x8012D4D4	204	func_8012D4D4	high	1	u32	1	0	0		leaf
0x8012D5A0	44	func_8012D5A0	high	1	u32	0	0	0		leaf|addr_taken
0x8012D5CC	64	func_8012D5CC	high	1	u32	0	0	0		leaf|addr_taken
0x8012D60C	76	func_8012D60C	high	1	u32	0	0	0		leaf|addr_taken
0x8012D658	60	func_8012D658	high	1	u32	0	0	0		leaf|addr_taken
0x8012D694	240	func_8012D694	low	1	u32	1	0	0		leaf|orphan
0x8012D784	512	func_8012D784	medium	2	u32	1	1	32	s0|s1|ra	orphan
0x8012D984	84	func_8012D984	low	0	u32	1	0	0		leaf|orphan
0x8012D9D8	524	func_8012D9D8	verified	1	u32	2	2	40	s0|s1|s2|s3|ra	
0x8012DBE4	88	func_8012DBE4	high	0	u32	1	0	0		leaf
0x8012DC3C	80	func_8012DC3C	low	4	u32	0	0	0		leaf|orphan
0x8012DC8C	796	func_8012DC8C	verified	0	u32	2	0	32	s0|s1|s2|s3|s4|s5|s6|s7	leaf
0x8012DFA8	160	func_8012DFA8	medium	1	u32	1	1	40	s0|s1|s2|s3|ra	orphan
0x8012E048	252	func_8012E048	medium	1	u32	1	5	32	s0|s1|ra	orphan
0x8012E144	244	func_8012E144	medium	3	u32	1	3	32	s0|s1|s2|ra	orphan
0x8012E238	572	func_8012E238	medium	3	u32	1	2	32	s0|s1|ra	orphan
0x8012E474	320	func_8012E474	low	2	u32	1	1	0	s0|s1|ra	orphan
0x8012E5B4	60	func_8012E5B4	medium	2	void	1	1	24	s0|ra	orphan
0x8012E5F0	224	func_8012E5F0	medium	2	u32	1	1	24	s0|ra	orphan
0x8012E6D0	1040	func_8012E6D0	medium	3	u32	5	0	40	s0|s1|s2|s3|s4|s5|s6|s7	leaf|orphan
0x8012EAE0	188	func_8012EAE0	medium	3	u32	1	1	32	s0|s1|s2|ra	orphan|indirect
0x8012EB9C	652	func_8012EB9C	verified	3	u32	1	2	48	s0|s1|s2|s3|s4|s5|ra	addr_taken
0x8012EE28	604	func_8012EE28	high	3	u32	0	1	40	s0|s1|s2|s3|s4|ra	addr_taken
0x8012F084	540	func_8012F084	high	3	u32	0	0	8	s0	leaf|addr_taken
0x8012F2A0	60	func_8012F2A0	high	3	u32	2	0	0		leaf|addr_taken
0x8012F2DC	412	func_8012F2DC	low	4	u32	0	0	0		leaf|orphan
0x8012F478	1520	func_8012F478	high	3	u32	0	4	88	s0|s1|s2|s3|s4|s5|s6|s7|fp|ra	addr_taken
0x8012FA68	896	func_8012FA68	medium	1	u32	1	3	88	s0|s1|s2|s3|s4|s5|s6|s7|fp|ra	orphan
0x8012FDE8	288	func_8012FDE8	low	1	u32	1	0	0		leaf|orphan
0x8012FF08	80	func_8012FF08	verified	3	void	2	2	32	s0|s1|s2|ra	
0x8012FF58	264	func_8012FF58	high	2	u32	4	0	0		leaf
0x80130060	32	func_80130060	low	0	u32	0	0	0		leaf|orphan
0x80130080	532	func_80130080	verified	3	u32	4	0	8	s0	leaf|break
0x80130294	204	func_80130294	high	2	u32	3	0	0		leaf
0x80130360	32	func_80130360	low	0	u32	0	0	0		leaf|orphan
0x80130380	8	func_80130380	low	0	u32	0	0	0		leaf|orphan
0x80130388	220	func_80130388	low	3	u32	1	0	0		leaf|orphan
0x80130464	8	func_80130464	low	0	u32	0	0	0		leaf|orphan
0x8013046C	208	func_8013046C	verified	3	u32	33	1	24	ra	
0x8013053C	116	func_8013053C	verified	3	u32	18	1	24	ra	
0x801305B0	72	func_801305B0	verified	1	void	2	2	32	s0|s1|ra	
0x801305F8	28	func_801305F8	high	1	u32	3	0	0		leaf
0x80130614	72	func_80130614	verified	1	void	1	2	32	s0|s1|ra	
0x8013065C	72	func_8013065C	verified	1	void	11	2	32	s0|s1|ra	
0x801306A4	40	func_801306A4	medium	1	void	3	1	24	ra	orphan
0x801306CC	308	func_801306CC	low	0	u32	1	6	0	s0|s1|s2|s3|ra	orphan
0x80130800	552	func_80130800	medium	4	u32	1	2	40	s0|s1|s2|s3|ra	orphan
0x80130A28	140	func_80130A28	medium	2	u32	1	2	32	s0|s1|ra	orphan
0x80130AB4	160	func_80130AB4	medium	2	u32	3	1	24	ra	orphan
0x80130B54	648	func_80130B54	medium	3	u32	1	1	32	s0|s1|s2|ra	orphan
0x80130DDC	568	func_80130DDC	medium	4	u32	1	2	40	s0|s1|s2|s3|s4|ra	orphan
0x80131014	204	func_80131014	medium	3	u32	2	7	40	s0|s1|s2|s3|ra	orphan
0x801310E0	672	func_801310E0	medium	3	u32	1	11	40	s0|s1|s2|s3|ra	orphan
0x80131380	68	func_80131380	medium	2	u32	1	0	24	ra	orphan|indirect
0x801313C4	300	func_801313C4	high	3	u32	0	0	24	ra	addr_taken|indirect
0x801314F0	156	func_801314F0	high	3	u32	0	0	0		leaf|addr_taken
0x8013158C	8	func_8013158C	low	0	u32	0	0	0		leaf|orphan
0x80131594	8	func_80131594	low	0	void	0	0	0		leaf|orphan
0x8013159C	156	func_8013159C	high	3	u32	0	0	0		leaf|addr_taken
0x80131638	8	func_80131638	low	0	u32	0	0	0		leaf|orphan
0x80131640	8	func_80131640	low	0	void	0	0	0		leaf|orphan
0x80131648	144	func_80131648	high	3	u32	0	0	24	ra	addr_taken|indirect
0x801316D8	144	func_801316D8	high	3	u32	0	0	24	ra	addr_taken|indirect
0x80131768	168	func_80131768	high	3	u32	0	0	24	ra	addr_taken|indirect
0x80131810	328	func_80131810	medium	3	u32	2	4	32	s0|s1|s2|ra	orphan|indirect
0x80131958	208	func_80131958	medium	2	u32	2	3	32	s0|s1|ra	orphan|indirect
0x80131A28	184	func_80131A28	high	2	u32	0	6	24	ra	addr_taken
0x80131AE0	64	func_80131AE0	verified	1	u32	1	2	24	ra	addr_taken
0x80131B20	64	func_80131B20	verified	1	u32	1	2	24	ra	addr_taken
0x80131B60	176	func_80131B60	verified	2	u32	1	5	32	s0|s1|ra	addr_taken
0x80131C10	64	func_80131C10	verified	1	u32	1	2	24	ra	addr_taken
0x80131C50	64	func_80131C50	verified	1	u32	1	2	24	ra	addr_taken
0x80131C90	176	func_80131C90	verified	2	u32	1	5	32	s0|s1|ra	addr_taken
0x80131D40	36	func_80131D40	verified	1	u32	2	1	24	ra	addr_taken
0x80131D64	36	func_80131D64	verified	1	u32	4	1	24	ra	addr_taken
0x80131D88	36	func_80131D88	verified	1	u32	3	1	24	ra	addr_taken
0x80131DAC	108	func_80131DAC	high	2	u32	0	1	24	ra	addr_taken
0x80131E18	40	func_80131E18	verified	0	u32	2	1	24	ra	
0x80131E40	20	func_80131E40	high	1	u32	2	0	0		leaf|addr_taken
0x80131E54	20	func_80131E54	high	2	u32	0	0	0		leaf|addr_taken
0x80131E68	28	func_80131E68	high	1	u32	0	0	0		leaf|addr_taken
0x80131E84	12	func_80131E84	low	1	u32	0	0	0		leaf|orphan
0x80131E90	28	func_80131E90	high	1	u32	0	0	0		leaf|addr_taken
0x80131EAC	12	func_80131EAC	low	1	u32	0	0	0		leaf|orphan
0x80131EB8	12	func_80131EB8	high	2	u32	0	0	0		leaf|addr_taken
0x80131EC4	20	func_80131EC4	high	2	u32	0	0	0		leaf|addr_taken
0x80131ED8	20	func_80131ED8	high	1	u32	0	0	0		leaf|addr_taken
0x80131EEC	20	func_80131EEC	high	1	u32	0	0	0		leaf|addr_taken
0x80131F00	20	func_80131F00	high	1	u32	1	0	0		leaf|addr_taken
0x80131F14	80	func_80131F14	high	1	u32	0	1	24	ra	addr_taken
0x80131F64	32	func_80131F64	high	1	u32	0	0	0		leaf|addr_taken
0x80131F84	20	func_80131F84	high	1	u32	0	0	0		leaf|addr_taken
0x80131F98	72	func_80131F98	high	1	u32	2	0	0		leaf
0x80131FE0	76	func_80131FE0	high	1	u32	10	0	0		leaf
0x8013202C	480	func_8013202C	medium	2	u32	1	4	32	s0|s1|s2|ra	orphan
0x8013220C	248	func_8013220C	medium	1	u32	1	1	32	s0|s1|s2|ra	orphan
0x80132304	120	func_80132304	low	4	u32	1	0	0		leaf|orphan
0x8013237C	160	func_8013237C	low	2	u32	1	0	0		leaf|orphan
0x8013241C	148	func_8013241C	low	2	u32	1	0	0		leaf|orphan
0x801324B0	140	func_801324B0	low	4	u32	0	0	0		leaf|orphan
0x8013253C	156	func_8013253C	low	2	u32	2	0	0		leaf|orphan
0x801325D8	52	func_801325D8	low	3	u32	1	0	0		leaf|orphan
0x8013260C	64	func_8013260C	low	3	u32	2	0	0		leaf|orphan
0x8013264C	8	func_8013264C	low	2	void	0	0	0		leaf|orphan
0x80132654	60	func_80132654	low	4	u32	0	0	0		leaf|orphan
0x80132690	160	func_80132690	low	3	u32	1	0	0		leaf|orphan
0x80132730	68	func_80132730	low	4	u32	0	0	0		leaf|orphan
0x80132774	152	func_80132774	low	4	u32	0	0	0		leaf|orphan
0x8013280C	16	func_8013280C	low	4	void	0	0	0		leaf|orphan
0x8013281C	116	func_8013281C	medium	1	u32	1	1	32	s0|s1|ra	orphan
0x80132890	60	func_80132890	low	1	u32	1	0	0		leaf|orphan
0x801328CC	164	func_801328CC	medium	2	u32	1	1	24	s0|ra	orphan
0x80132970	232	func_80132970	low	3	u32	1	0	0		leaf|orphan
0x80132A58	128	func_80132A58	low	3	u32	0	0	0		leaf|orphan
0x80132AD8	144	func_80132AD8	low	2	u32	1	0	0		leaf|orphan
0x80132B68	464	func_80132B68	medium	3	u32	3	5	40	s0|s1|s2|s3|ra	orphan
0x80132D38	44	func_80132D38	low	2	u32	1	0	0		leaf|orphan
0x80132D64	152	func_80132D64	medium	3	u32	1	3	32	s0|s1|s2|ra	orphan
0x80132DFC	216	func_80132DFC	medium	2	u32	2	3	32	s0|s1|s2|ra	orphan
0x80132ED4	200	func_80132ED4	medium	3	u32	1	1	24	s0|ra	orphan
0x80132F9C	48	func_80132F9C	high	0	u32	2	0	0		leaf
0x80132FCC	20	func_80132FCC	low	0	u32	0	0	0		leaf|orphan
0x80132FE0	8	func_80132FE0	low	2	void	0	0	0		leaf|orphan
0x80132FE8	40	func_80132FE8	low	2	u32	0	0	0		leaf|orphan
0x80133010	44	func_80133010	low	2	u32	0	0	0		leaf|orphan
0x8013303C	72	func_8013303C	medium	0	void	1	1	24	ra	orphan
0x80133084	52	func_80133084	low	1	u32	1	0	0		leaf|orphan
0x801330B8	180	func_801330B8	low	2	u32	2	0	0		leaf|orphan
0x8013316C	164	func_8013316C	low	4	u32	0	0	0		leaf|orphan
0x80133210	272	func_80133210	medium	4	u32	2	3	40	s0|s1|s2|s3|s4|ra	orphan
0x80133320	156	func_80133320	low	2	u32	1	0	0		leaf|orphan
0x801333BC	44	func_801333BC	low	2	u32	1	0	0		leaf|orphan
0x801333E8	656	func_801333E8	medium	3	u32	1	4	40	s0|s1|s2|s3|s4|ra	orphan
0x80133678	64	func_80133678	low	2	u32	1	0	0		leaf|orphan
0x801336B8	164	func_801336B8	low	2	u32	2	0	0		leaf|orphan
0x8013375C	244	func_8013375C	low	2	u32	1	0	0		leaf|orphan
0x80133850	128	func_80133850	low	3	u32	1	0	0		leaf|orphan
0x801338D0	68	func_801338D0	low	1	u32	2	0	0		leaf|orphan
0x80133914	576	func_80133914	medium	2	u32	1	2	40	s0|s1|s2|s3|ra	orphan
0x80133B54	48	func_80133B54	low	2	u32	1	0	0		leaf|orphan
0x80133B84	60	func_80133B84	low	2	u32	1	0	0		leaf|orphan
0x80133BC0	228	func_80133BC0	low	2	u32	4	1	0	ra	orphan
0x80133CA4	348	func_80133CA4	low	4	u32	2	2	0	ra	orphan
0x80133E00	284	func_80133E00	low	4	u32	1	0	0		leaf|orphan
0x80133F1C	364	func_80133F1C	low	4	u32	1	0	0		leaf|orphan
0x80134088	244	func_80134088	low	4	u32	2	0	0		leaf|orphan
0x8013417C	244	func_8013417C	low	4	u32	0	0	0		leaf|orphan
0x80134270	296	func_80134270	low	4	u32	3	0	0		leaf|orphan
0x80134398	44	func_80134398	low	1	u32	1	0	0		leaf|orphan
0x801343C4	308	func_801343C4	medium	0	u32	1	1	24	s0|ra	orphan
0x801344F8	476	func_801344F8	low	2	u32	1	0	0		leaf|orphan
0x801346D4	60	func_801346D4	low	3	u32	0	0	0		leaf|orphan
0x80134710	20	func_80134710	low	3	u32	0	0	0		leaf|orphan
0x80134724	48	func_80134724	low	4	u32	0	0	0		leaf|orphan
0x80134838	320	func_80134838	medium	0	u32	1	3	56	s0|s1|s2|s3|s4|s5|s6|s7|fp|ra	orphan
0x80134978	308	func_80134978	medium	0	u32	1	3	56	s0|s1|s2|s3|s4|s5|s6|s7|ra	orphan
0x80134AAC	164	func_80134AAC	medium	2	u32	2	1	24	s0|ra	orphan
0x80134B50	104	func_80134B50	low	1	u32	3	0	0		leaf|orphan
0x80134BB8	460	func_80134BB8	low	0	u32	1	2	0	s0|s1|s2|s3|s4|s5|s6|s7|fp|ra	orphan
0x80134D84	60	func_80134D84	medium	1	u32	1	0	24	ra	orphan|indirect
0x80134DC0	60	func_80134DC0	high	2	u32	0	0	24	ra	addr_taken|indirect
0x80134DFC	60	func_80134DFC	high	2	u32	0	0	24	ra	addr_taken|indirect
0x80134E38	60	func_80134E38	high	2	u32	0	0	24	ra	addr_taken|indirect
0x80134E74	60	func_80134E74	high	2	u32	0	0	24	ra	addr_taken|indirect
0x80134EB0	60	func_80134EB0	high	2	u32	0	0	24	ra	addr_taken|indirect
0x80134EEC	60	func_80134EEC	high	2	u32	0	0	24	ra	addr_taken|indirect
0x80134F28	60	func_80134F28	high	2	u32	0	0	24	ra	addr_taken|indirect
0x80134F64	200	func_80134F64	high	2	u32	0	0	0		leaf|addr_taken
0x8013502C	188	func_8013502C	high	2	u32	0	0	0		leaf|addr_taken
0x801350E8	188	func_801350E8	high	2	u32	0	0	0		leaf|addr_taken
0x801351A4	220	func_801351A4	medium	2	u32	1	1	40	s0|s1|s2|s3|s4|ra	orphan
0x80135280	100	func_80135280	medium	1	u32	0	1	24	s0|ra	orphan
0x801352E4	60	func_801352E4	low	1	u32	2	0	0		leaf|orphan
0x80135320	304	func_80135320	medium	1	u32	0	1	24	s0|ra	orphan
0x80135450	380	func_80135450	low	2	u32	1	0	0		leaf|orphan
0x801355CC	48	func_801355CC	low	3	u32	0	0	0		leaf|orphan
0x801355FC	356	func_801355FC	medium	1	u32	0	1	32	s0|s1|ra	orphan
0x80135760	104	func_80135760	medium	2	u32	1	1	24	ra	orphan
0x801357C8	48	func_801357C8	low	1	u32	1	0	0		leaf|orphan
0x801357F8	32	func_801357F8	low	1	u32	0	0	0		leaf|orphan
0x80135818	404	func_80135818	medium	3	u32	1	1	40	s0|s1|s2|s3|ra	orphan
0x801359AC	684	func_801359AC	medium	0	u32	2	10	48	s0|s1|s2|s3|s4|s5|ra	orphan
0x80135C58	56	func_80135C58	medium	0	u32	1	1	24	ra	orphan
0x80135C90	272	func_80135C90	low	0	u32	1	0	0		leaf|orphan
0x80135DA0	72	func_80135DA0	medium	0	void	1	1	24	ra	orphan
0x80135DE8	144	func_80135DE8	low	1	u32	1	0	0		leaf|orphan
0x80135E78	224	func_80135E78	medium	0	u32	1	1	24	ra	orphan
0x80135F58	56	func_80135F58	low	1	u32	1	0	0		leaf|orphan
0x80135F90	160	func_80135F90	medium	0	u32	1	1	24	ra	orphan
0x80136030	72	func_80136030	low	3	u32	1	0	0		leaf|orphan
0x80136078	144	func_80136078	low	3	u32	0	0	0		leaf|orphan
0x80136108	24	func_80136108	low	2	u32	0	0	0		leaf|orphan
0x80136120	12	func_80136120	low	3	void	0	0	0		leaf|orphan
0x8013612C	200	func_8013612C	low	1	u32	1	0	0		leaf|orphan
0x801361F4	464	func_801361F4	medium	1	u32	1	0	32		leaf|orphan
0x801363C4	40	func_801363C4	low	0	u32	1	0	0		leaf|orphan
0x801363EC	104	func_801363EC	medium	1	u32	1	4	24	s0|ra	orphan
0x80136454	648	func_80136454	medium	1	u32	1	17	24	s0|ra	orphan
0x801366DC	44	func_801366DC	low	1	u32	1	0	0		leaf|orphan
0x80136708	380	func_80136708	medium	1	u32	1	0	24	s0|ra	orphan|indirect
0x80136884	332	func_80136884	low	1	u32	1	0	0		leaf|orphan
0x801369D0	48	func_801369D0	low	1	u32	0	0	0		leaf|orphan
0x80136A00	200	func_80136A00	low	1	u32	0	0	0		leaf|orphan
0x80136AC8	148	func_80136AC8	medium	1	u32	1	6	24	s0|ra	orphan|indirect
0x80136B5C	860	func_80136B5C	medium	1	u32	1	5	32	s0|s1|ra	orphan
0x80136EB8	76	func_80136EB8	low	1	u32	1	0	0		leaf|orphan
0x80136F04	104	func_80136F04	low	1	u32	1	0	0		leaf|orphan
0x80136F6C	8	func_80136F6C	low	1	void	0	0	0		leaf|orphan
0x80136F74	20	func_80136F74	low	1	u32	0	0	0		leaf|orphan
0x80136F88	684	func_80136F88	medium	1	u32	1	4	32	s0|s1|ra	orphan
0x80137234	104	func_80137234	medium	2	u32	1	1	24	ra	orphan
0x8013729C	68	func_8013729C	low	1	u32	1	0	0		leaf|orphan
0x801372E0	24	func_801372E0	low	2	u32	0	0	0		leaf|orphan
0x801372F8	376	func_801372F8	high	1	u32	0	3	24	s0|ra	addr_taken|indirect
0x80137470	60	func_80137470	high	1	u32	0	0	24	ra	addr_taken|indirect
0x801374AC	116	func_801374AC	high	1	u32	0	1	24	ra	addr_taken
0x80137520	392	func_80137520	high	1	u32	0	19	32	s0|s1|ra	addr_taken
0x801376A8	308	func_801376A8	high	1	u32	0	15	24	s0|ra	addr_taken
0x801377DC	104	func_801377DC	verified	1	u32	1	2	24	s0|ra	addr_taken
0x80137844	60	func_80137844	high	1	u32	0	0	24	ra	addr_taken|indirect
0x80137880	68	func_80137880	high	1	u32	0	2	24	s0|ra	addr_taken
0x801378C4	336	func_801378C4	high	1	u32	1	16	0	s0|ra	addr_taken
0x80137A14	104	func_80137A14	verified	1	u32	1	4	24	s0|ra	
0x80137A7C	68	func_80137A7C	high	1	u32	0	2	24	s0|ra	addr_taken
0x80137AC0	296	func_80137AC0	high	1	u32	1	14	0	s0|ra	addr_taken
0x80137BE8	104	func_80137BE8	verified	1	u32	1	4	24	s0|ra	
0x80137C50	60	func_80137C50	high	1	u32	0	0	24	ra	addr_taken|indirect
0x80137C8C	44	func_80137C8C	high	1	u32	0	1	24	ra	addr_taken
0x80137CB8	164	func_80137CB8	verified	1	u32	2	2	24	s0|ra	
0x80137D5C	448	func_80137D5C	high	1	u32	1	21	0	s0|ra	addr_taken
0x80137F1C	60	func_80137F1C	high	1	u32	0	0	24	ra	addr_taken|indirect
0x80137F58	204	func_80137F58	high	1	u32	0	2	24	ra	addr_taken
0x80138024	592	func_80138024	high	1	u32	0	19	32	s0|s1|ra	addr_taken|indirect
0x80138274	364	func_80138274	high	1	u32	0	16	24	s0|ra	addr_taken
0x801383E0	248	func_801383E0	high	1	u32	0	6	24	s0|ra	addr_taken
0x801384D8	336	func_801384D8	high	1	u32	0	12	24	s0|ra	addr_taken
0x80138628	244	func_80138628	high	1	u32	0	2	24	ra	addr_taken
0x8013871C	200	func_8013871C	high	1	u32	0	6	24	s0|ra	addr_taken
0x801387E4	92	func_801387E4	high	1	u32	0	2	24	s0|ra	addr_taken
0x80138840	228	func_80138840	high	1	u32	0	6	24	s0|ra	addr_taken
0x80138924	60	func_80138924	high	1	u32	0	0	24	ra	addr_taken|indirect
0x80138960	332	func_80138960	high	1	u32	0	15	24	s0|ra	addr_taken
0x80138AAC	100	func_80138AAC	verified	1	u32	2	3	24	ra	
0x80138B10	292	func_80138B10	high	1	u32	0	13	24	s0|ra	addr_taken
0x80138C34	108	func_80138C34	verified	1	u32	1	0	24	ra	addr_taken|indirect
0x80138CA0	60	func_80138CA0	high	1	u32	0	0	24	ra	addr_taken|indirect
0x80138CDC	448	func_80138CDC	high	1	u32	0	15	0	s0|ra	addr_taken
0x80138E9C	304	func_80138E9C	high	1	u32	0	12	24	s0|ra	addr_taken
0x80138FCC	440	func_80138FCC	high	1	u32	0	15	0	s0|ra	addr_taken
0x80139184	312	func_80139184	high	1	u32	0	12	24	s0|ra	addr_taken
0x801392BC	108	func_801392BC	high	1	u32	0	1	24	ra	addr_taken
0x80139328	76	func_80139328	high	1	u32	0	1	24	ra	addr_taken
0x80139374	84	func_80139374	verified	1	u32	2	1	24	ra	
0x801393C8	496	func_801393C8	high	1	u32	0	15	24	s0|ra	addr_taken
0x801395B8	84	func_801395B8	high	1	u32	0	0	24	ra	addr_taken|indirect
0x8013960C	76	func_8013960C	high	1	u32	0	1	24	s0|ra	addr_taken|indirect
0x80139658	60	func_80139658	high	1	u32	0	0	24	ra	addr_taken|indirect
0x80139694	668	func_80139694	high	1	u32	0	6	24	s0|ra	addr_taken|indirect
0x80139930	16	func_80139930	high	1	void	2	0	0		leaf
0x80139940	132	func_80139940	high	1	u32	0	4	24	s0|ra	addr_taken
0x801399C4	40	func_801399C4	verified	1	u32	2	1	24	ra	addr_taken
0x801399EC	84	func_801399EC	verified	1	u32	8	1	24	ra	
0x80139A40	48	func_80139A40	high	1	u32	0	1	24	ra	addr_taken
0x80139A70	104	func_80139A70	verified	1	u32	2	2	24	ra	addr_taken
0x80139AD8	140	func_80139AD8	high	1	u32	0	2	24	ra	addr_taken
0x80139B64	88	func_80139B64	high	1	u32	0	2	24	ra	addr_taken
0x80139BBC	136	func_80139BBC	high	1	u32	0	5	24	s0|ra	addr_taken
0x80139C44	100	func_80139C44	high	1	u32	0	3	24	s0|ra	addr_taken
0x80139CA8	136	func_80139CA8	high	1	u32	0	5	24	s0|ra	addr_taken
0x80139D30	100	func_80139D30	high	1	u32	0	3	24	s0|ra	addr_taken
0x80139D94	40	func_80139D94	high	1	u32	0	1	24	ra	addr_taken
0x80139DBC	76	func_80139DBC	high	1	u32	0	2	32	s0|s1|ra	addr_taken
0x80139E08	64	func_80139E08	high	1	u32	0	1	24	ra	addr_taken
0x80139E48	96	func_80139E48	high	1	u32	0	1	24	ra	addr_taken
0x80139EA8	396	func_80139EA8	verified	1	u32	1	5	32	s0|s1|s2|ra	
0x8013A034	492	func_8013A034	verified	1	u32	1	2	40	s0|s1|s2|s3|ra	
0x8013A220	256	func_8013A220	verified	1	u32	1	1	32	s0|s1|ra	
0x8013A320	68	func_8013A320	high	1	u32	0	1	24	ra	addr_taken
0x8013A364	248	func_8013A364	verified	1	u32	4	4	24	s0|ra	addr_taken
0x8013A45C	52	func_8013A45C	verified	1	u32	5	1	24	ra	
0x8013A490	332	func_8013A490	high	1	u32	0	6	32	s0|s1|ra	addr_taken
0x8013A5DC	252	func_8013A5DC	verified	1	u32	1	2	32	s0|s1|ra	
0x8013A6D8	124	func_8013A6D8	verified	1	u32	3	3	24	s0|ra	
0x8013A754	72	func_8013A754	verified	1	u32	2	2	24	ra	
0x8013A79C	56	func_8013A79C	verified	1	u32	2	1	24	ra	
0x8013A7D4	108	func_8013A7D4	verified	1	u32	2	1	24	s0|ra	addr_taken|indirect
0x8013A840	60	func_8013A840	high	1	u32	0	0	24	ra	addr_taken|indirect
0x8013A87C	44	func_8013A87C	high	1	u32	0	1	24	ra	addr_taken
0x8013A8A8	140	func_8013A8A8	verified	1	u32	1	3	24	s0|ra	addr_taken
0x8013A934	92	func_8013A934	high	1	u32	0	1	24	ra	addr_taken
0x8013A990	52	func_8013A990	high	1	u32	0	1	24	s0|ra	addr_taken
0x8013A9C4	60	func_8013A9C4	high	1	u32	0	0	24	ra	addr_taken|indirect
0x8013AA00	140	func_8013AA00	high	1	u32	0	4	24	s0|ra	addr_taken
0x8013AA8C	372	func_8013AA8C	verified	1	u32	1	5	32	s0|s1|ra	addr_taken
0x8013AC00	84	func_8013AC00	verified	1	u32	1	1	24	ra	addr_taken
0x8013AC54	68	func_8013AC54	verified	1	u32	1	1	24	ra	addr_taken
0x8013AC98	88	func_8013AC98	high	1	u32	0	1	24	ra	addr_taken
0x8013ACF0	60	func_8013ACF0	high	1	u32	0	0	24	ra	addr_taken|indirect
0x8013AD2C	44	func_8013AD2C	high	1	u32	0	1	24	ra	addr_taken
0x8013AD58	196	func_8013AD58	verified	1	u32	2	2	24	s0|ra	
0x8013AE1C	88	func_8013AE1C	high	1	u32	0	2	24	s0|ra	addr_taken
0x8013AE74	188	func_8013AE74	verified	1	u32	1	4	24	s0|ra	addr_taken
0x8013AF30	164	func_8013AF30	high	1	u32	0	5	24	s0|ra	addr_taken
0x8013AFD4	68	func_8013AFD4	high	1	u32	0	2	24	ra	addr_taken
0x8013B018	60	func_8013B018	high	1	u32	0	0	24	ra	addr_taken|indirect
0x8013B054	96	func_8013B054	high	1	u32	0	3	24	s0|ra	addr_taken
0x8013B0B4	220	func_8013B0B4	verified	1	u32	1	5	24	s0|ra	addr_taken
0x8013B190	60	func_8013B190	high	1	u32	0	0	24	ra	addr_taken|indirect
0x8013B1CC	124	func_8013B1CC	high	1	u32	0	4	24	s0|ra	addr_taken
0x8013B248	396	func_8013B248	verified	1	u32	1	10	32	s0|s1|ra	addr_taken
0x8013B3D4	92	func_8013B3D4	high	1	u32	0	2	24	s0|ra	addr_taken
0x8013B430	172	func_8013B430	high	1	u32	0	6	24	s0|ra	addr_taken
0x8013B4DC	120	func_8013B4DC	high	1	u32	0	3	24	ra	addr_taken
0x8013B554	316	func_8013B554	high	1	u32	0	4	24	s0|ra	addr_taken
0x8013B690	204	func_8013B690	medium	1	u32	1	2	24	s0|ra	orphan
0x8013B75C	128	func_8013B75C	medium	1	u32	1	3	24	s0|ra	orphan
0x8013B7DC	60	func_8013B7DC	high	1	u32	0	0	24	ra	addr_taken|indirect
0x8013B818	204	func_8013B818	high	1	u32	0	3	24	s0|ra	addr_taken
0x8013B8E4	232	func_8013B8E4	high	1	u32	0	3	24	ra	addr_taken
0x8013B9CC	264	func_8013B9CC	high	1	u32	0	5	0	s0|s1|ra	addr_taken
0x8013BAD4	60	func_8013BAD4	high	1	u32	0	0	24	ra	addr_taken|indirect
0x8013BB10	60	func_8013BB10	high	1	u32	0	1	24	ra	addr_taken
0x8013BB4C	184	func_8013BB4C	high	1	u32	0	3	24	ra	addr_taken
0x8013BC04	368	func_8013BC04	high	1	u32	0	12	24	s0|ra	addr_taken
0x8013BD74	228	func_8013BD74	verified	1	u32	1	2	32	s0|s1|ra	
0x8013BE58	80	func_8013BE58	high	1	u32	1	0	0		leaf
0x8013BEA8	116	func_8013BEA8	high	1	u32	0	1	24	s0|ra	addr_taken|indirect
0x8013BF1C	80	func_8013BF1C	high	1	u32	0	3	24	s0|ra	addr_taken
0x8013BF6C	360	func_8013BF6C	verified	1	u32	1	2	24	s0|ra	
0x8013C0D4	288	func_8013C0D4	verified	1	u32	2	1	24	s0|ra	
0x8013C1F4	80	func_8013C1F4	high	1	u32	0	1	24	ra	addr_taken|indirect
0x8013C244	80	func_8013C244	high	1	u32	0	1	24	ra	addr_taken|indirect
0x8013C294	60	func_8013C294	medium	1	u32	0	0	24	ra	orphan|indirect
0x8013C2D0	52	func_8013C2D0	high	1	u32	0	1	24	ra	addr_taken
0x8013C304	60	func_8013C304	high	1	u32	0	1	0	ra	addr_taken
0x8013C340	76	func_8013C340	high	1	u32	0	1	24	ra	addr_taken
0x8013C38C	96	func_8013C38C	high	1	u32	0	1	24	ra	addr_taken
0x8013C3EC	108	func_8013C3EC	verified	1	u32	2	1	24	s0|ra	addr_taken|indirect
0x8013C458	60	func_8013C458	high	1	u32	0	1	24	ra	addr_taken
0x8013C494	32	func_8013C494	verified	0	void	1	1	24	ra	addr_taken
0x8013C4B4	60	func_8013C4B4	high	1	u32	0	0	24	ra	addr_taken|indirect
0x8013C4F0	132	func_8013C4F0	high	1	u32	0	3	24	ra	addr_taken
0x8013C574	84	func_8013C574	high	1	u32	0	2	24	ra	addr_taken
0x8013C5C8	32	func_8013C5C8	high	0	void	0	1	24	ra	addr_taken
0x8013C5E8	60	func_8013C5E8	high	1	u32	0	0	24	ra	addr_taken|indirect
0x8013C624	100	func_8013C624	high	1	u32	0	2	24	ra	addr_taken
0x8013C688	124	func_8013C688	high	1	u32	0	2	24	ra	addr_taken
0x8013C704	32	func_8013C704	high	0	void	0	1	24	ra	addr_taken
0x8013C724	60	func_8013C724	high	1	u32	0	0	24	ra	addr_taken|indirect
0x8013C760	152	func_8013C760	high	1	u32	0	3	24	s0|ra	addr_taken
0x8013C7F8	104	func_8013C7F8	high	1	u32	0	3	24	s0|ra	addr_taken
0x8013C860	32	func_8013C860	high	0	void	0	1	24	ra	addr_taken
0x8013C880	60	func_8013C880	high	1	u32	0	0	24	ra	addr_taken|indirect
0x8013C8BC	132	func_8013C8BC	high	1	u32	0	3	24	ra	addr_taken
0x8013C940	84	func_8013C940	high	1	u32	0	2	24	ra	addr_taken
0x8013C994	100	func_8013C994	high	1	u32	0	2	24	ra	addr_taken
0x8013C9F8	120	func_8013C9F8	high	1	u32	0	2	24	s0|ra	addr_taken
0x8013CA70	88	func_8013CA70	high	1	u32	0	2	24	ra	addr_taken
0x8013CAC8	184	func_8013CAC8	high	1	u32	0	1	24	ra	addr_taken
0x8013CB80	172	func_8013CB80	verified	1	u32	1	1	24	ra	addr_taken|indirect
0x8013CC2C	48	func_8013CC2C	high	1	u32	0	0	24	ra	addr_taken|indirect
0x8013CC5C	60	func_8013CC5C	high	1	u32	0	0	24	ra	addr_taken|indirect
0x8013CC98	60	func_8013CC98	high	1	u32	0	1	24	ra	addr_taken
0x8013CCD4	76	func_8013CCD4	high	1	u32	0	1	24	ra	addr_taken
0x8013CD20	64	func_8013CD20	high	0	u32	0	2	24	ra	addr_taken
0x8013CD60	60	func_8013CD60	high	1	u32	0	0	24	ra	addr_taken|indirect
0x8013CD9C	60	func_8013CD9C	high	1	u32	0	1	24	ra	addr_taken
0x8013CDD8	88	func_8013CDD8	high	1	u32	0	2	24	ra	addr_taken
0x8013CE30	80	func_8013CE30	high	1	u32	0	2	24	ra	addr_taken
0x8013CE80	64	func_8013CE80	high	0	u32	0	2	24	ra	addr_taken
0x8013CEC0	60	func_8013CEC0	high	1	u32	0	0	24	ra	addr_taken|indirect
0x8013CEFC	92	func_8013CEFC	high	1	u32	0	2	24	s0|ra	addr_taken
0x8013CF58	104	func_8013CF58	high	1	u32	0	2	24	ra	addr_taken
0x8013CFC0	80	func_8013CFC0	high	1	u32	0	2	24	ra	addr_taken
0x8013D010	64	func_8013D010	high	0	u32	0	2	24	ra	addr_taken
0x8013D050	60	func_8013D050	high	1	u32	0	0	24	ra	addr_taken|indirect
0x8013D08C	60	func_8013D08C	high	1	u32	0	1	24	ra	addr_taken
0x8013D0C8	76	func_8013D0C8	high	1	u32	0	1	24	ra	addr_taken
0x8013D114	64	func_8013D114	high	0	u32	0	2	24	ra	addr_taken
0x8013D154	60	func_8013D154	high	1	u32	0	0	24	ra	addr_taken|indirect
0x8013D190	88	func_8013D190	high	1	u32	0	2	24	s0|ra	addr_taken
0x8013D1E8	88	func_8013D1E8	high	1	u32	0	2	24	ra	addr_taken
0x8013D240	80	func_8013D240	high	1	u32	0	2	24	ra	addr_taken
0x8013D290	84	func_8013D290	high	1	u32	0	2	24	ra	addr_taken
0x8013D2E4	76	func_8013D2E4	high	1	u32	0	2	24	ra	addr_taken
0x8013D330	60	func_8013D330	high	1	u32	0	0	24	ra	addr_taken|indirect
0x8013D36C	88	func_8013D36C	high	1	u32	0	2	24	s0|ra	addr_taken
0x8013D3C4	76	func_8013D3C4	high	1	u32	0	1	24	ra	addr_taken
0x8013D410	76	func_8013D410	high	1	u32	0	2	24	ra	addr_taken
0x8013D45C	68	func_8013D45C	high	1	u32	0	2	24	ra	addr_taken
0x8013D4A0	60	func_8013D4A0	high	1	u32	0	0	24	ra	addr_taken|indirect
0x8013D4DC	88	func_8013D4DC	high	1	u32	0	2	24	s0|ra	addr_taken
0x8013D534	76	func_8013D534	high	1	u32	0	1	24	ra	addr_taken
0x8013D580	68	func_8013D580	high	1	u32	0	1	24	ra	addr_taken
0x8013D5C4	76	func_8013D5C4	high	1	u32	0	2	24	ra	addr_taken
0x8013D610	60	func_8013D610	high	1	u32	0	0	24	ra	addr_taken|indirect
0x8013D64C	88	func_8013D64C	high	1	u32	0	2	24	s0|ra	addr_taken
0x8013D6A4	76	func_8013D6A4	high	1	u32	0	1	24	ra	addr_taken
0x8013D6F0	68	func_8013D6F0	high	1	u32	0	1	24	ra	addr_taken
0x8013D734	76	func_8013D734	high	1	u32	0	2	24	ra	addr_taken
0x8013D780	60	func_8013D780	high	1	u32	0	0	24	ra	addr_taken|indirect
0x8013D7BC	88	func_8013D7BC	high	1	u32	0	2	24	s0|ra	addr_taken
0x8013D814	76	func_8013D814	high	1	u32	0	1	24	ra	addr_taken
0x8013D860	68	func_8013D860	high	1	u32	0	1	24	ra	addr_taken
0x8013D8A4	76	func_8013D8A4	high	1	u32	0	2	24	ra	addr_taken
0x8013D8F0	60	func_8013D8F0	high	1	u32	0	0	24	ra	addr_taken|indirect
0x8013D92C	92	func_8013D92C	high	1	u32	0	1	24	ra	addr_taken
0x8013D988	76	func_8013D988	high	1	u32	0	1	24	ra	addr_taken
0x8013D9D4	64	func_8013D9D4	high	0	u32	0	2	24	ra	addr_taken
0x8013DA14	60	func_8013DA14	high	1	u32	0	0	24	ra	addr_taken|indirect
0x8013DA50	104	func_8013DA50	high	1	u32	0	2	24	s0|ra	addr_taken
0x8013DAB8	76	func_8013DAB8	high	1	u32	0	1	24	ra	addr_taken
0x8013DB04	68	func_8013DB04	high	1	u32	0	1	24	ra	addr_taken
0x8013DB48	80	func_8013DB48	high	1	u32	0	1	24	ra	addr_taken
0x8013DB98	60	func_8013DB98	high	1	u32	0	0	24	ra	addr_taken|indirect
0x8013DBD4	336	func_8013DBD4	high	1	u32	0	3	32	s0|s1|s2|ra	addr_taken|indirect
0x8013DD24	112	func_8013DD24	high	1	u32	0	4	24	s0|ra	addr_taken
0x8013DD94	64	func_8013DD94	high	1	u32	0	2	24	ra	addr_taken
0x8013DDD4	76	func_8013DDD4	high	1	u32	0	1	24	s0|ra	addr_taken|indirect
0x8013DE20	356	func_8013DE20	high	1	u32	0	6	24	s0|ra	addr_taken
0x8013DF84	212	func_8013DF84	high	1	u32	0	2	24	ra	addr_taken
0x8013E058	80	func_8013E058	high	1	u32	0	1	24	ra	addr_taken
0x8013E0A8	60	func_8013E0A8	verified	2	u32	64	1	24	ra	
0x8013E0E4	136	func_8013E0E4	medium	2	u32	0	1	24	ra	orphan
0x8013E16C	60	func_8013E16C	verified	2	u32	2	1	24	ra	
0x8013E1A8	60	func_8013E1A8	verified	2	u32	34	1	24	ra	
0x8013E1E4	296	func_8013E1E4	verified	4	u32	4	1	32	s0|s1|ra	
0x8013E30C	152	func_8013E30C	verified	1	u32	97	1	24	ra	
0x8013E3A4	312	func_8013E3A4	verified	4	u32	1	1	32	s0|s1|ra	
0x8013E4DC	48	func_8013E4DC	verified	1	u32	4	1	24	ra	
0x8013E50C	40	func_8013E50C	medium	3	void	1	1	24	ra	orphan
0x8013E534	184	func_8013E534	medium	3	u32	1	1	24	ra	orphan
0x8013E5EC	296	func_8013E5EC	medium	4	u32	2	1	24	s0|ra	orphan
0x8013E714	36	func_8013E714	medium	1	void	0	1	24	ra	orphan
0x8013E738	112	func_8013E738	medium	1	u32	1	1	24	ra	orphan
0x8013E7A8	316	func_8013E7A8	medium	4	u32	1	1	24	s0|ra	orphan
0x8013E8E4	28	func_8013E8E4	high	1	u32	5	0	0		leaf
0x8013E900	8	func_8013E900	low	0	void	0	0	0		leaf|orphan
0x8013E908	100	func_8013E908	verified	1	u32	6	2	24	s0|ra	
0x8013E96C	72	func_8013E96C	high	1	u32	1	0	0		leaf
0x8013E9B4	108	func_8013E9B4	verified	1	u32	1	1	24	s0|ra	
0x8013EA20	68	func_8013EA20	high	1	u32	11	0	0		leaf
0x8013EA64	144	func_8013EA64	verified	1	u32	11	2	32	s0|s1|ra	
0x8013EAF4	144	func_8013EAF4	verified	1	u32	2	3	24	s0|ra	indirect
0x8013EB84	92	func_8013EB84	high	1	u32	13	0	0		leaf
0x8013EBE0	268	func_8013EBE0	high	1	u32	2	0	0		leaf
0x8013ECEC	12	func_8013ECEC	high	1	u32	1	0	0		leaf
0x8013ECF8	24	func_8013ECF8	high	1	u32	9	0	0		leaf
0x8013ED10	188	func_8013ED10	high	1	u32	9	4	0	s0|ra	
0x8013EDCC	12	func_8013EDCC	high	1	u32	10	0	0		leaf
0x8013EDD8	56	func_8013EDD8	verified	1	u32	3	1	24	ra	
0x8013EE10	20	func_8013EE10	high	1	u32	1	0	0		leaf
0x8013EE24	60	func_8013EE24	verified	1	u32	1	1	24	ra	
0x8013EE60	272	func_8013EE60	verified	1	u32	21	1	24	ra	
0x8013EF70	424	func_8013EF70	verified	1	u32	1	1	32	s0|s1|s2|ra	
0x8013F118	240	func_8013F118	high	2	u32	1	0	0		leaf
0x8013F208	56	func_8013F208	low	4	u32	0	0	0		leaf|orphan
0x8013F248	220	func_8013F248	verified	1	u32	17	1	24	ra	
0x8013F324	392	func_8013F324	verified	1	u32	9	4	24	s0|ra	
0x8013F4AC	116	func_8013F4AC	low	1	u32	1	0	0		leaf|orphan
0x8013F520	268	func_8013F520	high	1	u32	5	2	0	s0|s1|s2|ra	
0x8013F62C	220	func_8013F62C	high	3	u32	1	0	0		leaf
0x8013F708	288	func_8013F708	high	1	u32	1	1	0	s0|s1|s2|s3|s4|ra	
0x8013F828	32	func_8013F828	verified	1	void	1	1	24	ra	
0x8013F848	32	func_8013F848	verified	0	void	2	1	24	ra	
0x8013F868	32	func_8013F868	verified	0	void	1	1	24	ra	
0x8013F888	240	func_8013F888	high	2	u32	2	0	0		leaf
0x8013F978	188	func_8013F978	verified	1	u32	5	3	32	s0|s1|ra	
0x8013FA34	164	func_8013FA34	verified	0	u32	18	0	32	s0|ra	indirect
0x8013FAD8	48	func_8013FAD8	high	3	u32	0	0	0		leaf|addr_taken
0x8013FB08	40	func_8013FB08	high	3	u32	0	0	0		leaf|addr_taken
0x8013FB30	24	func_8013FB30	low	3	u32	0	0	0		leaf|orphan
0x8013FB48	40	func_8013FB48	high	3	u32	0	0	0		leaf|addr_taken
0x8013FB70	24	func_8013FB70	low	3	u32	0	0	0		leaf|orphan
0x8013FB88	48	func_8013FB88	high	3	u32	0	0	0		leaf|addr_taken
0x8013FBB8	16	func_8013FBB8	low	3	u32	0	0	0		leaf|orphan
0x8013FBC8	256	func_8013FBC8	verified	1	u32	9	3	32	s0|s1|ra	
0x8013FCC8	176	func_8013FCC8	high	1	u32	2	1	0	ra	
0x8013FD78	116	func_8013FD78	high	1	u32	1	0	0		leaf
0x8013FDEC	148	func_8013FDEC	verified	1	u32	1	1	32	s0|s1|s2|ra	
0x8013FE80	148	func_8013FE80	verified	1	u32	1	1	32	s0|s1|s2|ra	
0x8013FF14	92	func_8013FF14	verified	1	u32	1	3	24	s0|ra	
0x8013FF70	52	func_8013FF70	verified	1	void	1	2	24	s0|ra	
0x8013FFA4	52	func_8013FFA4	verified	1	void	1	2	24	s0|ra	
0x8013FFD8	48	func_8013FFD8	medium	1	u32	1	0	24	ra	orphan|indirect
0x80140008	148	func_80140008	verified	1	u32	1	2	24	s0|ra	indirect
0x8014009C	12	func_8014009C	high	1	u32	19	0	0		leaf
0x801400A8	136	func_801400A8	verified	1	u32	18	4	32	s0|s1|ra	
0x80140130	84	func_80140130	verified	1	u32	1	1	32	s0|ra	
0x80140184	40	func_80140184	high	2	u32	2	0	0		leaf
0x801401AC	40	func_801401AC	low	2	u32	0	0	0		leaf|orphan
0x801401D4	24	func_801401D4	low	2	u32	0	0	0		leaf|orphan
0x801401EC	24	func_801401EC	low	2	u32	0	0	0		leaf|orphan
0x80140204	12	func_80140204	low	2	void	0	0	0		leaf|orphan
0x80140210	436	func_80140210	verified	1	u32	18	1	32	s0|s1|s2|ra	
0x801403C4	32	func_801403C4	high	2	u32	1	0	0		leaf
0x801403E4	36	func_801403E4	high	1	u32	19	0	0		leaf
0x80140408	608	func_80140408	verified	1	u32	2	1	24	s0|ra	
0x80140668	592	func_80140668	verified	1	u32	2	5	32	s0|s1|ra	
0x801408B8	172	func_801408B8	verified	1	u32	2	1	32	s0|s1|s2|ra	
0x80140964	284	func_80140964	verified	2	u32	4	1	32	s0|s1|ra	
0x80140A80	204	func_80140A80	verified	1	u32	2	2	24	s0|ra	
0x80140B4C	236	func_80140B4C	verified	1	u32	1	2	24	ra	
0x80140C38	208	func_80140C38	high	1	u32	1	0	0		leaf
0x80140D08	88	func_80140D08	verified	1	u32	1	2	24	s0|ra	
0x80140D60	44	func_80140D60	verified	1	u32	1	1	24	ra	
0x80140D8C	212	func_80140D8C	high	1	u32	3	1	0	ra	
0x80140E60	332	func_80140E60	medium	1	u32	0	11	24	s0|ra	orphan|indirect
0x80140FAC	108	func_80140FAC	verified	1	u32	3	0	24	ra	indirect
0x80141018	232	func_80141018	low	1	u32	1	0	0		leaf|orphan
0x80141100	16	func_80141100	low	1	u32	0	0	0		leaf|orphan
0x80141124	332	func_80141124	high	1	u32	3	0	0		leaf
0x80141270	32	func_80141270	low	0	u32	0	0	0		leaf|orphan
0x80141290	28	func_80141290	low	1	u32	0	0	0		leaf|orphan
0x801412AC	76	func_801412AC	low	1	u32	0	0	0		leaf|orphan
0x801412F8	40	func_801412F8	high	1	u32	1	0	0		leaf
0x80141320	76	func_80141320	verified	1	u32	1	2	24	ra	
0x8014136C	48	func_8014136C	verified	1	void	24	2	24	s0|ra	
0x8014139C	100	func_8014139C	verified	2	u32	2	3	24	s0|ra	
0x80141400	112	func_80141400	verified	1	u32	9	4	24	s0|ra	
0x80141470	440	func_80141470	high	1	u32	3	0	0		leaf
0x80141628	160	func_80141628	high	1	u32	1	0	0		leaf
0x801416C8	256	func_801416C8	medium	1	u32	0	12	24	s0|ra	orphan
0x801417C8	332	func_801417C8	low	1	u32	1	0	0		leaf|orphan
0x80141914	40	func_80141914	low	1	u32	0	0	0		leaf|orphan
0x8014193C	24	func_8014193C	low	1	u32	0	0	0		leaf|orphan
0x80141954	32	func_80141954	low	1	u32	1	0	0		leaf|orphan
0x80141974	12	func_80141974	low	1	u32	1	0	0		leaf|orphan
0x80141980	12	func_80141980	low	1	u32	1	0	0		leaf|orphan
0x8014198C	244	func_8014198C	low	1	u32	1	0	0		leaf|orphan
0x80141A80	44	func_80141A80	high	1	u32	4	0	0		leaf
0x80141AAC	44	func_80141AAC	low	1	u32	1	0	0		leaf|orphan
0x80141AD8	96	func_80141AD8	high	2	u32	2	0	0		leaf
0x80141B38	36	func_80141B38	low	3	u32	0	0	0		leaf|orphan
0x80141B5C	80	func_80141B5C	medium	3	u32	1	0	24	ra	orphan|indirect
0x80141BAC	240	func_80141BAC	high	3	u32	0	3	32	s0|s1|s2|ra	addr_taken
0x80141C9C	184	func_80141C9C	high	3	u32	0	3	24	ra	addr_taken
0x80141D54	240	func_80141D54	verified	3	u32	1	3	24	ra	addr_taken
0x80141E44	148	func_80141E44	verified	2	u32	6	2	32	s0|s1|ra	
0x80141ED8	136	func_80141ED8	verified	2	u32	5	2	32	s0|s1|ra	
0x80141F60	132	func_80141F60	verified	2	u32	4	2	32	s0|s1|ra	
0x80141FE4	16	func_80141FE4	high	1	u32	23	0	0		leaf
0x80141FF4	12	func_80141FF4	high	1	u32	22	0	0		leaf
0x80142000	12	func_80142000	high	1	u32	9	0	0		leaf
0x8014200C	80	func_8014200C	medium	3	u32	0	0	24	ra	orphan|indirect
0x8014205C	152	func_8014205C	high	3	u32	0	3	24	ra	addr_taken
0x801420F4	204	func_801420F4	high	3	u32	0	4	24	ra	addr_taken
0x801421C0	80	func_801421C0	medium	3	u32	0	0	24	ra	orphan|indirect
0x80142210	120	func_80142210	high	3	u32	0	3	24	ra	addr_taken
0x80142288	152	func_80142288	high	3	u32	0	4	24	ra	addr_taken
0x80142320	80	func_80142320	medium	3	u32	0	0	24	ra	orphan|indirect
0x80142370	180	func_80142370	high	3	u32	0	3	32	s0|s1|s2|ra	addr_taken
0x80142424	156	func_80142424	high	3	u32	0	3	24	ra	addr_taken
0x801424C0	128	func_801424C0	verified	2	u32	1	3	24	ra	addr_taken
0x80142540	80	func_80142540	medium	3	u32	0	0	24	ra	orphan|indirect
0x80142590	156	func_80142590	high	3	u32	0	2	24	ra	addr_taken
0x8014262C	248	func_8014262C	high	2	u32	0	3	24	ra	addr_taken
0x80142724	228	func_80142724	high	2	u32	0	3	24	ra	addr_taken
0x80142808	196	func_80142808	high	2	u32	0	3	24	ra	addr_taken
0x801428CC	124	func_801428CC	high	3	u32	0	3	24	ra	addr_taken
0x80142948	80	func_80142948	medium	3	u32	0	0	24	ra	orphan|indirect
0x80142998	68	func_80142998	high	3	u32	0	1	24	ra	addr_taken
0x801429DC	160	func_801429DC	verified	3	u32	1	2	24	ra	addr_taken
0x80142A7C	172	func_80142A7C	high	3	u32	0	3	32	s0|s1|s2|ra	addr_taken
0x80142B28	76	func_80142B28	high	2	u32	0	2	24	ra	addr_taken
0x80142B74	180	func_80142B74	verified	3	u32	2	3	24	ra	
0x80142C28	232	func_80142C28	verified	3	u32	1	3	24	ra	addr_taken
0x80142D10	80	func_80142D10	medium	3	u32	0	0	24	ra	orphan|indirect
0x80142D60	92	func_80142D60	high	3	u32	0	2	24	ra	addr_taken
0x80142DBC	128	func_80142DBC	high	3	u32	0	2	24	ra	addr_taken
0x80142E3C	84	func_80142E3C	high	3	u32	0	2	24	ra	addr_taken
0x80142E90	140	func_80142E90	high	2	u32	1	0	0		leaf
0x80142F1C	72	func_80142F1C	medium	3	u32	0	0	24	ra	orphan|indirect
0x80142F64	68	func_80142F64	high	3	u32	0	2	24	ra	addr_taken
0x80142FA8	116	func_80142FA8	high	3	u32	0	3	24	ra	addr_taken
0x8014301C	4	func_8014301C	low	0	void	0	0	0		leaf|orphan
0x80143020	4	func_80143020	medium	0	void	0	0	24		leaf|addr_taken
0x80143024	4	func_80143024	low	1	u32	0	0	0		leaf|orphan
0x80143028	4	func_80143028	low	2	void	0	0	0		leaf|orphan
0x8014302C	4	func_8014302C	low	0	void	0	0	0	ra	leaf|orphan
0x80143030	112	func_80143030	low	3	u32	0	3	0		orphan
0x801430A0	44	func_801430A0	verified	2	u32	2	1	24	ra	
0x801430CC	80	func_801430CC	medium	3	u32	0	0	24	ra	orphan|indirect
0x8014311C	68	func_8014311C	high	2	u32	0	1	24	ra	addr_taken
0x80143160	160	func_80143160	verified	3	u32	1	1	40	s0|s1|s2|ra	addr_taken
0x80143200	68	func_80143200	high	4	u32	1	0	0		leaf
0x80143244	44	func_80143244	low	4	u32	0	0	0		leaf|orphan
0x80143270	8	func_80143270	low	0	void	0	0	0		leaf|orphan
0x80143278	8	func_80143278	low	0	u32	1	0	0		leaf|orphan
0x80143280	8	func_80143280	low	0	u32	1	0	0		leaf|orphan
0x80143288	32	func_80143288	low	1	u32	1	0	0		leaf|orphan
0x801432A8	32	func_801432A8	low	1	u32	1	0	0		leaf|orphan
0x801432C8	64	func_801432C8	medium	1	u32	0	2	24	s0|ra	orphan
0x80143308	64	func_80143308	medium	1	u32	0	2	24	s0|ra	orphan
0x80143348	116	func_80143348	low	1	u32	0	0	0		leaf|orphan
0x801433BC	20	func_801433BC	low	1	u32	0	0	0		leaf|orphan
0x801433D0	104	func_801433D0	low	1	u32	0	0	0		leaf|orphan
0x80143438	16	func_80143438	low	1	u32	0	0	0		leaf|orphan
0x80143448	296	func_80143448	medium	2	u32	2	2	32	s0|s1|s2|ra	orphan
0x80143570	84	func_80143570	medium	2	u32	0	1	24	ra	orphan
0x801435C4	192	func_801435C4	medium	2	u32	0	2	24	ra	orphan
0x80143684	236	func_80143684	low	3	u32	2	2	0	s0|s1|s2|ra	orphan
0x80143770	148	func_80143770	medium	3	u32	3	3	32	s0|s1|ra	orphan
0x80143804	168	func_80143804	medium	2	u32	2	1	32	s0|s1|s2|ra	orphan
0x801438AC	36	func_801438AC	medium	1	u32	0	1	24	ra	orphan
0x801438D0	124	func_801438D0	medium	2	u32	0	1	24	ra	orphan
0x8014394C	96	func_8014394C	medium	2	u32	0	1	24	ra	orphan
0x801439AC	140	func_801439AC	medium	2	u32	0	1	24	ra	orphan
0x80143A38	60	func_80143A38	medium	2	u32	0	1	24	ra	orphan
0x80143A74	260	func_80143A74	medium	3	u32	4	2	24	ra	orphan
0x80143B78	144	func_80143B78	medium	3	u32	4	2	32	s0|s1|s2|ra	orphan
0x80143C08	60	func_80143C08	medium	2	u32	0	1	24	ra	orphan
0x80143C44	60	func_80143C44	medium	2	u32	0	1	24	ra	orphan
0x80143C80	40	func_80143C80	medium	2	void	0	1	24	ra	orphan
0x80143CA8	364	func_80143CA8	medium	2	u32	0	5	40	s0|s1|s2|s3|ra	orphan
0x80143E14	228	func_80143E14	medium	2	u32	0	3	32	s0|s1|s2|ra	orphan
0x80143EF8	80	func_80143EF8	low	1	u32	0	0	0		leaf|orphan
0x80143F48	56	func_80143F48	low	1	u32	0	0	0		leaf|orphan
0x80143F80	52	func_80143F80	high	1	u32	6	0	0		leaf
0x80143FB4	12	func_80143FB4	low	2	u32	0	0	0		leaf|orphan
0x80143FC0	28	func_80143FC0	low	2	u32	0	0	0		leaf|orphan
0x80143FDC	52	func_80143FDC	high	1	u32	3	0	0		leaf
0x80144010	12	func_80144010	low	2	u32	0	0	0		leaf|orphan
0x8014401C	28	func_8014401C	low	2	u32	0	0	0		leaf|orphan
0x80144038	108	func_80144038	low	1	u32	1	0	0		leaf|orphan
0x801440A4	216	func_801440A4	low	3	u32	0	0	0		leaf|orphan
0x8014417C	32	func_8014417C	medium	0	void	0	1	24	ra	orphan
0x8014419C	32	func_8014419C	medium	0	void	0	1	24	ra	orphan
0x801441BC	392	func_801441BC	medium	3	u32	2	8	40	s0|s1|s2|s3|s4|ra	orphan
0x80144344	220	func_80144344	medium	1	u32	0	2	32	s0|s1|ra	orphan
0x80144420	304	func_80144420	low	1	u32	0	1	0	s0|s1|ra	orphan
0x80144550	44	func_80144550	low	2	u32	0	0	0		leaf|orphan
0x8014457C	344	func_8014457C	low	1	u32	1	7	0	s0|s1|ra	orphan
0x801446D4	136	func_801446D4	low	1	u32	1	0	0		leaf|orphan
0x8014475C	136	func_8014475C	low	3	u32	1	0	0		leaf|orphan
0x801447E4	64	func_801447E4	low	4	u32	1	0	0		leaf|orphan
0x80144824	316	func_80144824	low	1	u32	1	2	0	s0|s1|s2|ra	orphan
0x80144960	124	func_80144960	medium	1	u32	1	2	32	s0|s1|ra	orphan
0x801449DC	76	func_801449DC	medium	2	u32	2	2	24	s0|ra	orphan
0x80144A28	168	func_80144A28	medium	3	u32	5	2	32	s0|s1|ra	orphan
0x80144AD0	64	func_80144AD0	low	2	u32	5	0	0		leaf|orphan
0x80144B10	264	func_80144B10	low	2	u32	0	0	0		leaf|orphan
0x80144C18	96	func_80144C18	medium	1	u32	0	2	24	s0|ra	orphan
0x80144C78	388	func_80144C78	medium	1	u32	0	6	32	s0|s1|ra	orphan
0x80144DFC	152	func_80144DFC	medium	1	u32	2	1	24	ra	orphan
0x80144E94	240	func_80144E94	medium	1	u32	0	2	32	s0|s1|ra	orphan
0x80144F84	200	func_80144F84	medium	1	u32	0	2	32	s0|s1|s2|ra	orphan
0x8014504C	156	func_8014504C	medium	1	u32	0	2	32	s0|s1|ra	orphan
0x801450E8	48	func_801450E8	medium	1	u32	0	1	24	ra	orphan
0x80145118	112	func_80145118	medium	1	u32	0	2	24	s0|ra	orphan
0x80145188	36	func_80145188	low	1	u32	0	0	0		leaf|orphan
0x801451AC	420	func_801451AC	verified	2	u32	6	2	24	s0|ra	
0x80145350	112	func_80145350	verified	2	u32	1	1	24	ra	
0x801453C0	92	func_801453C0	low	2	u32	0	0	0		leaf|orphan
0x8014541C	184	func_8014541C	high	1	u32	1	0	0		leaf
0x801454D4	8	func_801454D4	low	0	u32	0	0	0		leaf|orphan
0x801454DC	188	func_801454DC	medium	1	u32	1	1	32	s0|s1|s2|ra	orphan
0x80145598	388	func_80145598	medium	4	u32	1	1	48	s0|s1|s2|s3|s4|s5|ra	orphan
0x8014571C	28	func_8014571C	low	2	u32	1	0	0		leaf|orphan
0x80145738	188	func_80145738	verified	1	u32	3	1	24	ra	
0x801457F4	228	func_801457F4	verified	1	u32	1	1	32	s0|s1|ra	
0x801458D8	332	func_801458D8	high	3	u32	1	0	0		leaf
0x80145A24	60	func_80145A24	medium	3	u32	0	1	32	ra	orphan
0x80145A60	100	func_80145A60	verified	1	u32	6	1	24	ra	
0x80145AC4	100	func_80145AC4	medium	1	u32	0	3	24	ra	orphan
0x80145B28	152	func_80145B28	medium	2	u32	2	1	24	ra	orphan
0x80145BC0	100	func_80145BC0	medium	1	u32	0	3	24	ra	orphan
0x80145C24	44	func_80145C24	medium	1	u32	0	1	24	ra	orphan
0x80145C50	256	func_80145C50	medium	1	u32	0	1	24	ra	orphan
0x80145D50	104	func_80145D50	medium	2	u32	0	1	24	ra	orphan
0x80145DB8	144	func_80145DB8	medium	1	u32	2	1	24	ra	orphan
0x80145E48	220	func_80145E48	medium	1	u32	0	6	24	s0|ra	orphan
0x80145F24	232	func_80145F24	medium	0	u32	1	1	32	ra	orphan
0x8014600C	20	func_8014600C	low	2	u32	2	0	0		leaf|orphan
0x80146020	196	func_80146020	medium	0	u32	1	2	24	ra	orphan
0x801460E4	516	func_801460E4	medium	3	u32	1	1	56	s0|s1|s2|s3|s4|ra	orphan
0x801462E8	120	func_801462E8	medium	1	u32	0	2	24	s0|ra	orphan
0x80146360	84	func_80146360	medium	1	u32	1	1	24	s0|ra	orphan
0x801463B4	84	func_801463B4	medium	1	u32	0	1	24	s0|ra	orphan
0x80146408	52	func_80146408	high	1	u32	12	0	0		leaf
0x8014643C	8	func_8014643C	low	0	void	0	0	0		leaf|orphan
0x80146444	732	func_80146444	medium	1	u32	0	4	40	s0|s1|s2|s3|ra	orphan
0x80146720	104	func_80146720	low	1	u32	0	0	0		leaf|orphan
0x80146788	216	func_80146788	medium	1	u32	0	1	24	ra	orphan
0x80146860	216	func_80146860	medium	1	u32	0	1	24	ra	orphan
0x80146938	188	func_80146938	low	1	u32	0	0	0		leaf|orphan
0x801469F4	188	func_801469F4	low	1	u32	0	0	0		leaf|orphan
0x80146AB0	148	func_80146AB0	medium	1	u32	0	1	24	ra	orphan
0x80146B44	84	func_80146B44	medium	2	u32	3	1	24	ra	orphan
0x80146B98	8	func_80146B98	low	0	void	0	0	0		leaf|orphan
0x80146BA0	8	func_80146BA0	low	0	void	0	0	0		leaf|orphan
0x80146BA8	72	func_80146BA8	low	1	u32	0	0	0		leaf|orphan
0x80146BF0	132	func_80146BF0	low	0	u32	0	1	0	ra	orphan
0x80146C74	104	func_80146C74	low	1	u32	1	0	0		leaf|orphan
0x80146CDC	212	func_80146CDC	verified	3	u32	11	1	24	ra	
0x80146DB0	120	func_80146DB0	medium	1	u32	1	0	24	s0|ra	orphan|indirect
0x80146E28	80	func_80146E28	high	2	u32	0	1	32	ra	addr_taken
0x80146E78	68	func_80146E78	high	2	u32	0	0	24	ra	addr_taken|indirect
0x80146EBC	104	func_80146EBC	high	2	u32	0	1	32	ra	addr_taken
0x80146F24	108	func_80146F24	high	2	u32	0	1	32	ra	addr_taken
0x80146F90	196	func_80146F90	high	2	u32	0	1	0	s0|s1|s2|s3|ra	addr_taken
0x80147054	156	func_80147054	high	2	u32	0	1	0	s0|s1|s2|ra	addr_taken
0x801470F0	152	func_801470F0	high	2	u32	0	1	40	s0|s1|s2|ra	addr_taken
0x80147188	136	func_80147188	high	2	u32	0	1	40	s0|s1|s2|ra	addr_taken
0x80147210	300	func_80147210	high	2	u32	0	1	40	s0|s1|ra	addr_taken
0x8014733C	64	func_8014733C	high	1	u32	0	1	32	ra	addr_taken
0x8014737C	100	func_8014737C	high	2	u32	0	1	24	s0|ra	addr_taken
0x801473E0	76	func_801473E0	high	1	u32	0	1	24	s0|ra	addr_taken
0x8014742C	84	func_8014742C	high	2	u32	0	0	24	ra	addr_taken|indirect
0x80147480	68	func_80147480	high	2	u32	0	1	32	ra	addr_taken
0x801474C4	72	func_801474C4	high	2	u32	0	1	32	ra	addr_taken
0x8014750C	124	func_8014750C	high	2	u32	0	1	40	s0|s1|s2|ra	addr_taken
0x80147588	124	func_80147588	high	2	u32	0	1	40	s0|s1|s2|ra	addr_taken
0x80147604	156	func_80147604	high	2	u32	0	1	24	s0|ra	addr_taken
0x801476A0	140	func_801476A0	high	1	u32	0	2	32	s0|ra	addr_taken
0x8014772C	116	func_8014772C	high	2	u32	0	1	32	s0|s1|ra	addr_taken
0x801477A0	84	func_801477A0	high	2	u32	0	1	32	ra	addr_taken
0x801477F4	152	func_801477F4	high	2	u32	0	1	32	s0|ra	addr_taken
0x8014788C	160	func_8014788C	high	2	u32	0	1	40	s0|s1|ra	addr_taken
0x8014792C	76	func_8014792C	high	2	u32	0	1	32	ra	addr_taken
0x80147978	132	func_80147978	high	2	u32	0	1	40	s0|s1|ra	addr_taken
0x801479FC	128	func_801479FC	high	2	u32	0	1	40	s0|s1|ra	addr_taken
0x80147A7C	104	func_80147A7C	high	2	u32	0	1	32	ra	addr_taken
0x80147AE4	84	func_80147AE4	high	2	u32	0	1	32	ra	addr_taken
0x80147B38	96	func_80147B38	high	2	u32	0	1	32	ra	addr_taken
0x80147B98	88	func_80147B98	high	2	u32	0	1	32	ra	addr_taken
0x80147BF0	76	func_80147BF0	high	2	u32	0	1	32	ra	addr_taken
0x80147C3C	144	func_80147C3C	high	2	u32	0	1	40	s0|s1|ra	addr_taken
0x80147CCC	92	func_80147CCC	high	2	u32	0	1	32	ra	addr_taken
0x80147D28	124	func_80147D28	high	2	u32	0	1	32	s0|ra	addr_taken
0x80147DA4	116	func_80147DA4	high	2	u32	0	1	32	ra	addr_taken
0x80147E18	152	func_80147E18	high	2	u32	0	1	32	s0|ra	addr_taken
0x80147EB0	172	func_80147EB0	high	2	u32	0	1	40	s0|s1|s2|ra	addr_taken
0x80147F5C	128	func_80147F5C	high	2	u32	0	1	40	s0|s1|ra	addr_taken
0x80147FDC	100	func_80147FDC	high	2	u32	0	1	32	ra	addr_taken
0x80148040	80	func_80148040	high	2	u32	0	1	32	ra	addr_taken
0x80148090	100	func_80148090	high	2	u32	0	1	32	ra	addr_taken
0x801480F4	100	func_801480F4	high	2	u32	0	1	32	ra	addr_taken
0x80148158	80	func_80148158	high	2	u32	0	1	32	ra	addr_taken
0x801481A8	160	func_801481A8	high	2	u32	0	1	40	s0|s1|ra	addr_taken
0x80148248	160	func_80148248	high	2	u32	0	1	40	s0|s1|ra	addr_taken
0x801482E8	72	func_801482E8	high	2	u32	0	1	32	ra	addr_taken
0x80148330	104	func_80148330	verified	3	u32	4	1	64	ra	
0x80148398	228	func_80148398	verified	3	u32	1	1	64	ra	
0x8014847C	8	func_8014847C	low	0	void	0	0	0		leaf|orphan
0x80148484	156	func_80148484	medium	1	u32	1	1	24	s0|ra	orphan
0x80148520	144	func_80148520	verified	1	u32	2	0	24	ra	indirect
0x801485B0	24	func_801485B0	high	1	u32	0	0	0		leaf|addr_taken
0x801485C8	24	func_801485C8	high	1	u32	0	0	0		leaf|addr_taken
0x801485E0	12	func_801485E0	low	1	u32	0	0	0		leaf|orphan
0x801485EC	92	func_801485EC	high	1	u32	0	0	0		leaf|addr_taken
0x80148648	8	func_80148648	low	0	u32	0	0	0		leaf|orphan
0x80148650	96	func_80148650	verified	1	u32	8	0	24	ra	indirect
0x801486B0	292	func_801486B0	high	1	u32	0	1	24	ra	addr_taken
0x801487D4	320	func_801487D4	high	1	u32	0	1	24	s0|ra	addr_taken
0x80148914	116	func_80148914	verified	2	u32	2	1	24	ra	
0x80148988	48	func_80148988	high	2	u32	1	0	0		leaf
0x801489B8	8	func_801489B8	low	0	u32	0	0	0		leaf|orphan
0x801489C0	216	func_801489C0	verified	2	u32	1	1	24	ra	
0x80148A98	152	func_80148A98	verified	1	u32	2	1	24	ra	
0x80148B30	28	func_80148B30	low	1	u32	0	0	0		leaf|orphan
0x80148B4C	24	func_80148B4C	high	1	u32	1	0	0		leaf
0x80148B64	132	func_80148B64	low	1	u32	0	0	0		leaf|orphan
0x80148BE8	8	func_80148BE8	low	0	void	0	0	0		leaf|orphan
0x80148BF0	120	func_80148BF0	verified	1	u32	1	3	24	s0|ra	
0x80148C68	80	func_80148C68	verified	2	u32	12	1	32	s0|s1|ra	
0x80148CC0	116	func_80148CC0	high	1	u32	3	0	0	ra	indirect
0x80148D34	100	func_80148D34	high	1	u32	0	3	24	s0|ra	addr_taken
0x80148D98	100	func_80148D98	high	1	u32	0	3	24	s0|ra	addr_taken
0x80148DFC	100	func_80148DFC	high	1	u32	0	3	24	s0|ra	addr_taken
0x80148E60	100	func_80148E60	high	1	u32	0	3	24	s0|ra	addr_taken
0x80148EC4	196	func_80148EC4	verified	1	u32	4	2	24	s0|ra	
0x80148F88	128	func_80148F88	verified	1	u32	1	0	32	s0|s1|s2|ra	indirect
0x80149008	60	func_80149008	high	1	u32	0	0	24	ra	addr_taken|indirect
0x80149044	44	func_80149044	high	2	u32	0	0	0		leaf|addr_taken
0x80149070	80	func_80149070	high	2	u32	0	1	24	ra	addr_taken
0x801490C0	88	func_801490C0	high	2	u32	0	1	24	ra	addr_taken
0x80149118	88	func_80149118	high	2	u32	0	1	24	ra	addr_taken
0x80149170	152	func_80149170	high	2	u32	0	1	24	ra	addr_taken
0x80149208	124	func_80149208	high	2	u32	0	2	32	s0|s1|ra	addr_taken
0x80149284	156	func_80149284	high	2	u32	0	1	32	s0|s1|s2|ra	addr_taken
0x80149320	192	func_80149320	high	2	u32	0	2	32	s0|s1|s2|ra	addr_taken
0x801493E0	132	func_801493E0	high	2	u32	0	4	32	s0|s1|ra	addr_taken
0x80149464	84	func_80149464	high	1	u32	0	2	24	ra	addr_taken
0x801494B8	92	func_801494B8	high	2	u32	0	3	32	s0|s1|ra	addr_taken
0x80149514	96	func_80149514	verified	2	u32	1	3	32	s0|s1|ra	addr_taken
0x80149574	48	func_80149574	high	1	u32	0	1	24	ra	addr_taken
0x801495A4	52	func_801495A4	high	2	u32	0	1	24	ra	addr_taken
0x801495D8	116	func_801495D8	high	2	u32	0	1	24	ra	addr_taken
0x8014964C	96	func_8014964C	high	2	u32	0	1	24	ra	addr_taken
0x801496AC	92	func_801496AC	high	2	u32	0	3	32	s0|s1|ra	addr_taken
0x80149708	124	func_80149708	high	2	u32	0	2	32	s0|s1|ra	addr_taken
0x80149784	44	func_80149784	high	1	u32	0	1	24	ra	addr_taken
0x801497B0	48	func_801497B0	high	2	u32	9	0	0		leaf
0x801497E0	8	func_801497E0	low	0	void	0	0	0		leaf|orphan
0x801497E8	60	func_801497E8	high	1	u32	0	0	24	ra	addr_taken|indirect
0x80149824	108	func_80149824	high	2	u32	0	1	24	ra	addr_taken
0x80149890	112	func_80149890	high	2	u32	0	1	24	ra	addr_taken
0x80149900	156	func_80149900	high	2	u32	0	1	24	ra	addr_taken
0x8014999C	60	func_8014999C	high	2	u32	0	0	0		leaf|addr_taken
0x801499D8	60	func_801499D8	high	2	u32	0	0	0		leaf|addr_taken
0x80149A14	128	func_80149A14	high	2	u32	0	1	24	ra	addr_taken
0x80149A94	128	func_80149A94	high	2	u32	0	1	24	ra	addr_taken
0x80149B14	168	func_80149B14	high	2	u32	0	1	24	ra	addr_taken
0x80149BBC	60	func_80149BBC	high	1	u32	0	0	24	ra	addr_taken|indirect
0x80149BF8	192	func_80149BF8	high	2	u32	0	1	32	s0|s1|ra	addr_taken|indirect
0x80149CB8	8	func_80149CB8	high	2	u32	0	0	0		leaf|addr_taken
0x80149CC0	20	func_80149CC0	high	2	u32	0	0	0		leaf|addr_taken
0x80149CD4	284	func_80149CD4	high	2	u32	0	4	32	s0|s1|ra	addr_taken|indirect
0x80149DF0	8	func_80149DF0	high	2	u32	0	0	0		leaf|addr_taken
0x80149DF8	20	func_80149DF8	high	2	u32	0	0	0		leaf|addr_taken
0x80149E0C	236	func_80149E0C	high	2	u32	0	0	24	ra	addr_taken|indirect
0x80149EF8	8	func_80149EF8	high	2	u32	0	0	0		leaf|addr_taken
0x80149F00	20	func_80149F00	high	2	u32	0	0	0		leaf|addr_taken
0x80149F14	176	func_80149F14	high	2	u32	0	0	24	ra	addr_taken|indirect
0x80149FC4	8	func_80149FC4	high	2	u32	0	0	0		leaf|addr_taken
0x80149FCC	20	func_80149FCC	high	2	u32	0	0	0		leaf|addr_taken
0x80149FE0	252	func_80149FE0	high	2	u32	0	1	24	s0|ra	addr_taken
0x8014A0DC	196	func_8014A0DC	high	2	u32	0	4	32	s0|s1|ra	addr_taken
0x8014A1A0	572	func_8014A1A0	high	2	u32	0	5	32	s0|s1|s2|ra	addr_taken
0x8014A3DC	60	func_8014A3DC	high	1	u32	0	0	24	ra	addr_taken|indirect
0x8014A418	80	func_8014A418	high	2	u32	0	0	24	ra	addr_taken|indirect
0x8014A468	80	func_8014A468	high	2	u32	0	2	24	ra	addr_taken
0x8014A4B8	80	func_8014A4B8	high	2	u32	0	2	24	ra	addr_taken
0x8014A508	84	func_8014A508	high	2	u32	0	3	32	s0|s1|ra	addr_taken
0x8014A55C	120	func_8014A55C	high	2	u32	0	2	24	ra	addr_taken
0x8014A5D4	72	func_8014A5D4	high	1	u32	0	2	24	ra	addr_taken
0x8014A61C	72	func_8014A61C	high	1	u32	0	2	24	ra	addr_taken
0x8014A664	72	func_8014A664	high	1	u32	0	2	24	ra	addr_taken
0x8014A6AC	104	func_8014A6AC	high	1	u32	0	2	24	ra	addr_taken
0x8014A714	168	func_8014A714	high	2	u32	0	3	32	s0|s1|ra	addr_taken
0x8014A7BC	168	func_8014A7BC	high	2	u32	0	3	32	s0|s1|ra	addr_taken
0x8014A864	80	func_8014A864	high	2	void	0	3	32	s0|s1|ra	addr_taken
0x8014A8B4	88	func_8014A8B4	high	1	u32	0	2	24	ra	addr_taken
0x8014A90C	88	func_8014A90C	high	1	u32	0	2	24	ra	addr_taken
0x8014A964	32	func_8014A964	high	0	void	0	1	24	ra	addr_taken
0x8014A984	80	func_8014A984	high	2	void	0	3	32	s0|s1|ra	addr_taken
0x8014A9D4	76	func_8014A9D4	high	2	u32	0	2	24	ra	addr_taken
0x8014AA20	76	func_8014AA20	high	2	u32	0	2	24	ra	addr_taken
0x8014AA6C	80	func_8014AA6C	high	1	u32	0	2	24	ra	addr_taken
0x8014AABC	76	func_8014AABC	high	2	u32	0	2	24	ra	addr_taken
0x8014AB08	76	func_8014AB08	high	1	u32	0	2	24	ra	addr_taken
0x8014AB54	88	func_8014AB54	high	1	u32	0	2	24	ra	addr_taken
0x8014ABAC	88	func_8014ABAC	high	1	u32	0	2	24	ra	addr_taken
0x8014AC04	92	func_8014AC04	high	2	u32	0	2	24	ra	addr_taken
0x8014AC60	92	func_8014AC60	high	2	u32	0	2	24	ra	addr_taken
0x8014ACBC	144	func_8014ACBC	high	1	u32	0	2	24	ra	addr_taken
0x8014AD4C	152	func_8014AD4C	high	1	u32	0	2	24	ra	addr_taken
0x8014ADE4	72	func_8014ADE4	high	2	u32	0	2	24	ra	addr_taken
0x8014AE2C	84	func_8014AE2C	high	2	u32	0	3	32	s0|s1|ra	addr_taken
0x8014AE80	76	func_8014AE80	high	2	u32	0	2	24	ra	addr_taken
0x8014AECC	72	func_8014AECC	high	2	u32	0	2	24	ra	addr_taken
0x8014AF14	64	func_8014AF14	high	1	u32	0	2	24	ra	addr_taken
0x8014AF54	64	func_8014AF54	high	1	u32	0	2	24	ra	addr_taken
0x8014AF94	64	func_8014AF94	high	1	u32	0	2	24	ra	addr_taken
0x8014AFD4	64	func_8014AFD4	high	1	u32	0	2	24	ra	addr_taken
0x8014B014	64	func_8014B014	high	1	u32	0	2	24	ra	addr_taken
0x8014B054	64	func_8014B054	high	1	u32	0	2	24	ra	addr_taken
0x8014B094	64	func_8014B094	high	1	u32	0	2	24	ra	addr_taken
0x8014B0D4	64	func_8014B0D4	high	1	u32	0	2	24	ra	addr_taken
0x8014B114	64	func_8014B114	high	1	u32	0	2	24	ra	addr_taken
0x8014B154	100	func_8014B154	high	3	u32	4	0	0		leaf
0x8014B1B8	172	func_8014B1B8	verified	2	u32	39	1	24	ra	
0x8014B264	136	func_8014B264	high	2	u32	0	1	24	ra	addr_taken
0x8014B2EC	44	func_8014B2EC	high	1	u32	0	1	24	ra	addr_taken
0x8014B318	64	func_8014B318	high	1	u32	0	2	24	ra	addr_taken
0x8014B358	68	func_8014B358	verified	2	u32	2	2	24	s0|ra	
0x8014B39C	88	func_8014B39C	verified	2	void	1	3	32	s0|s1|ra	
0x8014B3F4	188	func_8014B3F4	high	2	u32	0	3	32	s0|s1|ra	addr_taken
0x8014B4B0	60	func_8014B4B0	high	1	u32	0	0	24	ra	addr_taken|indirect
0x8014B4EC	84	func_8014B4EC	high	2	u32	0	1	24	ra	addr_taken
0x8014B540	92	func_8014B540	high	2	u32	0	1	24	ra	addr_taken
0x8014B59C	32	func_8014B59C	high	1	void	0	1	24	ra	addr_taken
0x8014B5BC	44	func_8014B5BC	high	1	u32	0	1	24	ra	addr_taken
0x8014B5E8	84	func_8014B5E8	high	2	u32	0	0	0		leaf|addr_taken
0x8014B63C	84	func_8014B63C	high	2	u32	71	1	0	ra	
0x8014B690	60	func_8014B690	verified	1	u32	4	0	24	ra	indirect
0x8014B6CC	92	func_8014B6CC	verified	1	u32	1	2	24	s0|ra	addr_taken
0x8014B728	180	func_8014B728	verified	1	u32	1	2	24	s0|ra	addr_taken
0x8014B7DC	88	func_8014B7DC	high	2	void	0	3	32	s0|s1|ra	addr_taken
0x8014B834	60	func_8014B834	verified	1	u32	3	0	24	ra	indirect
0x8014B870	32	func_8014B870	verified	0	void	1	1	24	ra	addr_taken
0x8014B890	116	func_8014B890	verified	1	u32	1	2	24	s0|ra	addr_taken
0x8014B904	76	func_8014B904	high	1	void	0	3	24	s0|ra	addr_taken
0x8014B950	60	func_8014B950	verified	1	u32	4	0	24	ra	indirect
0x8014B98C	60	func_8014B98C	high	1	u32	0	0	24	ra	addr_taken|indirect
0x8014B9C8	100	func_8014B9C8	high	1	u32	0	3	24	s0|ra	addr_taken
0x8014BA2C	100	func_8014BA2C	high	1	u32	0	3	24	s0|ra	addr_taken
0x8014BA90	100	func_8014BA90	high	1	u32	0	3	24	s0|ra	addr_taken
0x8014BAF4	92	func_8014BAF4	high	1	u32	0	3	24	s0|ra	addr_taken
0x8014BB50	136	func_8014BB50	high	1	u32	0	3	24	s0|ra	addr_taken
0x8014BBD8	32	func_8014BBD8	high	0	void	0	1	24	ra	addr_taken
0x8014BBF8	172	func_8014BBF8	high	1	u32	0	4	24	s0|ra	addr_taken
0x8014BCA4	160	func_8014BCA4	high	1	u32	0	4	24	s0|ra	addr_taken
0x8014BD44	64	func_8014BD44	high	1	u32	0	1	24	ra	addr_taken
0x8014BD84	100	func_8014BD84	high	1	u32	0	3	24	s0|ra	addr_taken
0x8014BDE8	84	func_8014BDE8	high	1	void	0	4	24	s0|ra	addr_taken
0x8014BE3C	124	func_8014BE3C	high	1	u32	0	3	24	s0|ra	addr_taken
0x8014BEB8	124	func_8014BEB8	high	1	u32	0	3	24	s0|ra	addr_taken
0x8014BF34	84	func_8014BF34	high	1	void	0	4	24	s0|ra	addr_taken
0x8014BF88	60	func_8014BF88	high	1	u32	0	0	24	ra	addr_taken|indirect
0x8014BFC4	140	func_8014BFC4	high	1	u32	0	3	24	s0|ra	addr_taken
0x8014C050	140	func_8014C050	high	1	u32	0	3	24	s0|ra	addr_taken
0x8014C0DC	176	func_8014C0DC	high	1	u32	0	3	24	s0|ra	addr_taken
0x8014C18C	132	func_8014C18C	high	1	u32	0	3	24	s0|ra	addr_taken
0x8014C210	156	func_8014C210	high	1	u32	0	3	24	s0|ra	addr_taken
0x8014C2AC	156	func_8014C2AC	high	1	u32	0	3	24	s0|ra	addr_taken
0x8014C348	192	func_8014C348	high	1	u32	0	3	24	s0|ra	addr_taken
0x8014C408	48	func_8014C408	high	1	u32	0	1	24	ra	addr_taken
0x8014C438	208	func_8014C438	high	1	u32	0	3	24	s0|ra	addr_taken
0x8014C508	72	func_8014C508	high	1	u32	0	2	24	s0|ra	addr_taken
0x8014C550	48	func_8014C550	high	1	u32	0	1	24	ra	addr_taken
0x8014C580	64	func_8014C580	high	1	u32	0	1	24	ra	addr_taken
0x8014C5C0	48	func_8014C5C0	high	1	u32	0	1	24	ra	addr_taken
0x8014C5F0	16	func_8014C5F0	high	1	void	28	0	0		leaf
0x8014C600	68	func_8014C600	high	1	u32	5	0	0		leaf
0x8014C644	176	func_8014C644	verified	1	u32	3	1	32	s0|s1|s2|ra	
0x8014C6F4	192	func_8014C6F4	verified	1	u32	1	1	40	s0|s1|s2|s3|ra	
0x8014C7B4	68	func_8014C7B4	high	1	u32	1	0	0		leaf
0x8014C7F8	120	func_8014C7F8	verified	1	u32	2	1	24	s0|ra	
0x8014C870	48	func_8014C870	verified	1	u32	3	0	24	ra	indirect
0x8014C8A0	232	func_8014C8A0	verified	2	u32	6	1	24	ra	
0x8014C988	52	func_8014C988	high	2	u32	1	0	0		leaf
0x8014C9BC	200	func_8014C9BC	verified	1	u32	19	1	24	ra	
0x8014CA84	52	func_8014CA84	verified	1	u32	19	1	24	ra	
0x8014CAB8	364	func_8014CAB8	medium	1	u32	1	3	32	s0|s1|ra	orphan
0x8014CC24	148	func_8014CC24	medium	1	u32	1	1	24	s0|ra	orphan
0x8014CCB8	68	func_8014CCB8	low	1	u32	3	0	0		leaf|orphan
0x8014CCFC	104	func_8014CCFC	medium	1	u32	1	1	24	s0|ra	orphan
0x8014CD64	52	func_8014CD64	medium	1	u32	1	1	24	ra	orphan
0x8014CD98	56	func_8014CD98	verified	1	u32	2	1	24	ra	
0x8014CDD0	44	func_8014CDD0	high	1	u32	4	0	0		leaf
0x8014CDFC	80	func_8014CDFC	low	1	u32	0	0	0		leaf|orphan
0x8014CE4C	240	func_8014CE4C	verified	1	u32	1	2	32	s0|s1|ra	
0x8014CF3C	96	func_8014CF3C	high	1	u32	2	0	0		leaf
0x8014CF9C	20	func_8014CF9C	low	1	u32	0	0	0		leaf|orphan
0x8014CFB0	104	func_8014CFB0	high	1	u32	1	0	0		leaf
0x8014D018	76	func_8014D018	low	1	u32	0	0	0		leaf|orphan
0x8014D064	204	func_8014D064	high	1	u32	1	0	0		leaf
0x8014D130	120	func_8014D130	medium	1	u32	0	3	24	s0|ra	orphan
0x8014D1A8	164	func_8014D1A8	medium	1	u32	0	2	24	s0|ra	orphan
0x8014D24C	188	func_8014D24C	medium	1	u32	0	2	24	s0|ra	orphan
0x8014D308	208	func_8014D308	medium	1	u32	0	3	24	s0|ra	orphan
0x8014D3D8	264	func_8014D3D8	medium	1	u32	0	4	24	s0|ra	orphan
0x8014D4E0	104	func_8014D4E0	medium	2	u32	1	2	24	s0|ra	orphan
0x8014D548	116	func_8014D548	low	1	u32	2	0	0		leaf|orphan
0x8014D5BC	180	func_8014D5BC	medium	1	u32	5	1	24	s0|ra	orphan
0x8014D670	68	func_8014D670	low	1	u32	1	0	0		leaf|orphan
0x8014D6B4	64	func_8014D6B4	medium	1	u32	2	0	24	ra	orphan|indirect
0x8014D6F4	120	func_8014D6F4	verified	0	u32	1	3	32	s0|s1|ra	
0x8014D76C	120	func_8014D76C	verified	0	u32	2	1	24	s0|ra	
0x8014D7E4	324	func_8014D7E4	verified	3	u32	1	3	40	s0|s1|s2|s3|s4|ra	
0x8014D928	188	func_8014D928	verified	4	u32	2	1	32	s0|s1|ra	
0x8014D9E4	40	func_8014D9E4	verified	0	void	1	1	24	ra	
0x8014DA0C	228	func_8014DA0C	high	1	u32	1	0	0		leaf
0x8014DAF0	60	func_8014DAF0	low	1	u32	0	0	0		leaf|orphan
0x8014DB2C	208	func_8014DB2C	medium	0	u32	2	3	40	s0|s1|s2|s3|ra	orphan|indirect
0x8014DBFC	200	func_8014DBFC	medium	0	u32	1	2	40	s0|s1|s2|s3|ra	orphan|indirect
0x8014DCC4	92	func_8014DCC4	low	1	u32	2	0	0		leaf|orphan
0x8014DD20	116	func_8014DD20	low	1	u32	2	0	0		leaf|orphan
0x8014DD94	428	func_8014DD94	medium	1	u32	0	5	32	s0|s1|ra	orphan
0x8014DF40	100	func_8014DF40	medium	2	u32	1	2	32	s0|s1|ra	orphan
0x8014DFA4	48	func_8014DFA4	low	1	u32	1	0	0		leaf|orphan
0x8014DFD4	76	func_8014DFD4	low	3	u32	0	0	0		leaf|orphan
0x8014E020	140	func_8014E020	medium	1	u32	1	1	24	ra	orphan
0x8014E0AC	172	func_8014E0AC	medium	0	u32	2	0	40	s0|s1|s2|s3|ra	orphan|indirect
0x8014E158	272	func_8014E158	high	1	u32	0	4	32	s0|s1|ra	addr_taken
0x8014E268	68	func_8014E268	high	1	u32	3	0	0		leaf
0x8014E2AC	40	func_8014E2AC	low	1	u32	7	0	0		leaf|orphan
0x8014E2D4	84	func_8014E2D4	high	2	u32	3	0	0		leaf
0x8014E328	212	func_8014E328	medium	0	u32	7	1	32	s0|s1|ra	orphan
0x8014E3FC	444	func_8014E3FC	medium	1	u32	0	3	56	s0|s1|s2|s3|s4|s5|s6|s7|ra	orphan
0x8014E5B8	104	func_8014E5B8	low	3	u32	6	0	0		leaf|orphan
0x8014E620	280	func_8014E620	medium	1	u32	0	3	40	s0|s1|s2|s3|ra	orphan
0x8014E738	84	func_8014E738	medium	1	u32	0	2	32	s0|s1|ra	orphan
0x8014E78C	432	func_8014E78C	medium	3	u32	2	2	56	s0|s1|s2|s3|s4|s5|s6|s7|fp|ra	orphan
0x8014E93C	84	func_8014E93C	medium	1	u32	0	2	32	s0|s1|ra	orphan
0x8014E990	276	func_8014E990	medium	1	u32	0	3	56	s0|s1|s2|s3|s4|s5|s6|s7|ra	orphan
0x8014EAA4	268	func_8014EAA4	medium	2	u32	0	3	56	s0|s1|s2|s3|s4|s5|s6|s7|ra	orphan
0x8014EBB0	288	func_8014EBB0	medium	1	u32	0	3	56	s0|s1|s2|s3|s4|s5|s6|s7|ra	orphan
0x8014ECD0	60	func_8014ECD0	high	1	u32	0	0	24	ra	addr_taken|indirect
0x8014ED0C	156	func_8014ED0C	high	1	u32	0	2	24	s0|ra	addr_taken|indirect
0x8014EDA8	488	func_8014EDA8	high	1	u32	0	3	48	s0|s1|s2|s3|ra	addr_taken
0x8014EF90	380	func_8014EF90	high	1	u32	0	4	48	s0|s1|s2|s3|s4|ra	addr_taken
0x8014F10C	204	func_8014F10C	high	1	u32	0	4	40	s0|s1|ra	addr_taken
0x8014F1D8	12	func_8014F1D8	high	1	u32	0	0	0		leaf|addr_taken
0x8014F1E4	32	func_8014F1E4	high	1	void	0	1	24	ra	addr_taken
0x8014F204	60	func_8014F204	high	1	u32	0	1	24	s0|ra	addr_taken
0x8014F240	88	func_8014F240	high	1	u32	0	3	24	s0|ra	addr_taken
0x8014F298	152	func_8014F298	high	1	u32	0	2	40	s0|s1|s2|s3|ra	addr_taken
0x8014F330	48	func_8014F330	high	1	void	0	2	24	s0|ra	addr_taken
0x8014F360	104	func_8014F360	high	1	u32	0	2	32	s0|s1|ra	addr_taken
0x8014F3C8	72	func_8014F3C8	high	1	u32	0	2	24	s0|ra	addr_taken
0x8014F410	72	func_8014F410	verified	1	u32	4	1	24	ra	
0x8014F458	136	func_8014F458	verified	1	u32	5	1	32	s0|s1|ra	
0x8014F4E0	152	func_8014F4E0	high	2	u32	2	0	0		leaf
0x8014F578	60	func_8014F578	verified	1	u32	1	0	24	ra	addr_taken|indirect
0x8014F5B4	92	func_8014F5B4	high	1	u32	0	3	0	s0|ra	addr_taken
0x8014F610	8	func_8014F610	high	0	void	0	0	0		leaf|addr_taken
0x8014F618	112	func_8014F618	high	1	u32	0	4	0	s0|ra	addr_taken
0x8014F688	120	func_8014F688	high	1	u32	0	4	0	s0|ra	addr_taken
0x8014F700	76	func_8014F700	verified	1	u32	3	1	24	ra	addr_taken
0x8014F74C	68	func_8014F74C	verified	1	u32	3	1	24	ra	
0x8014F790	48	func_8014F790	medium	2	u32	0	1	24	ra	orphan
0x8014F7C0	372	func_8014F7C0	medium	3	u32	2	2	40	s0|s1|s2|s3|s4|ra	orphan
0x8014F934	148	func_8014F934	medium	3	u32	1	1	40	s0|s1|s2|s3|ra	orphan
0x8014F9C8	56	func_8014F9C8	verified	2	u32	11	1	24	ra	
0x8014FA00	160	func_8014FA00	verified	4	void	3	2	48	s0|s1|s2|s3|s4|s5|s6|ra	
0x8014FAA0	168	func_8014FAA0	verified	2	u32	1	1	24	ra	
0x8014FB48	60	func_8014FB48	high	1	u32	0	0	24	ra	addr_taken|indirect
0x8014FB84	124	func_8014FB84	high	1	u32	0	2	24	ra	addr_taken
0x8014FC00	68	func_8014FC00	high	1	u32	0	2	24	s0|ra	addr_taken
0x8014FC44	252	func_8014FC44	medium	1	u32	0	4	32	s0|s1|s2|ra	orphan
0x8014FD40	40	func_8014FD40	verified	0	void	1	1	24	ra	
0x8014FD68	40	func_8014FD68	verified	0	void	1	1	24	ra	
0x8014FD90	40	func_8014FD90	medium	0	void	0	1	24	ra	orphan
0x8014FDB8	40	func_8014FDB8	medium	0	void	0	1	24	ra	orphan
0x8014FDE0	40	func_8014FDE0	medium	0	void	0	1	24	ra	orphan
0x8014FE08	40	func_8014FE08	medium	0	void	0	1	24	ra	orphan
0x8014FE30	40	func_8014FE30	medium	0	void	0	1	24	ra	orphan
0x8014FE58	40	func_8014FE58	medium	0	void	0	1	24	ra	orphan
0x8014FE80	40	func_8014FE80	medium	0	void	0	1	24	ra	orphan
0x8014FEA8	40	func_8014FEA8	medium	0	void	0	1	24	ra	orphan
0x8014FED0	40	func_8014FED0	medium	0	void	0	1	24	ra	orphan
0x8014FEF8	40	func_8014FEF8	medium	0	void	0	1	24	ra	orphan
0x8014FF20	68	func_8014FF20	medium	3	u32	0	1	24	ra	orphan
0x8014FF64	68	func_8014FF64	medium	3	u32	0	1	24	ra	orphan
0x8014FFA8	68	func_8014FFA8	medium	3	u32	0	1	24	ra	orphan
0x8014FFEC	68	func_8014FFEC	medium	3	u32	0	1	24	ra	orphan
0x80150030	68	func_80150030	medium	3	u32	0	1	24	ra	orphan
0x80150074	68	func_80150074	medium	3	u32	0	1	24	ra	orphan
0x801500B8	84	func_801500B8	verified	1	u32	1	1	32	s0|s1|ra	
0x8015010C	68	func_8015010C	verified	3	u32	1	1	24	ra	
0x80150150	148	func_80150150	medium	4	u32	2	1	32	s0|s1|s2|ra	orphan
0x801501E4	160	func_801501E4	medium	4	u32	0	1	32	s0|s1|s2|ra	orphan
0x80150284	216	func_80150284	verified	4	u32	11	2	40	s0|s1|s2|s3|ra	
0x8015035C	188	func_8015035C	verified	2	u32	7	1	32	s0|s1|ra	
0x80150418	36	func_80150418	medium	0	u32	1	1	24	ra	orphan
0x8015043C	36	func_8015043C	medium	2	u32	1	1	24	ra	orphan
0x80150460	280	func_80150460	medium	1	u32	2	2	32	s0|s1|ra	orphan|indirect
0x80150578	24	func_80150578	high	1	u32	0	0	0		leaf|addr_taken
0x80150590	64	func_80150590	high	1	u32	0	0	0		leaf|addr_taken
0x801505D0	60	func_801505D0	high	1	u32	0	0	0		leaf|addr_taken
0x8015060C	28	func_8015060C	high	1	u32	0	0	0		leaf|addr_taken
0x80150628	60	func_80150628	high	1	u32	0	0	24	ra	addr_taken|indirect
0x80150664	516	func_80150664	high	1	u32	0	7	0	s0|s1|ra	addr_taken
0x80150868	228	func_80150868	high	1	u32	0	3	0	s0|ra	addr_taken
0x8015094C	32	func_8015094C	high	0	void	0	1	24	ra	addr_taken
0x8015096C	184	func_8015096C	verified	1	u32	1	2	32	s0|s1|s2|ra	
0x80150A24	80	func_80150A24	verified	1	u32	1	0	24	ra	indirect
0x80150A74	40	func_80150A74	high	0	void	0	1	24	ra	addr_taken
0x80150A9C	56	func_80150A9C	high	1	u32	0	1	24	s0|ra	addr_taken
0x80150AD4	140	func_80150AD4	verified	3	u32	2	1	32	s0|s1|ra	
0x80150B60	32	func_80150B60	high	0	void	0	1	24	ra	addr_taken
0x80150B80	32	func_80150B80	high	0	void	0	1	24	ra	addr_taken
0x80150BA0	76	func_80150BA0	verified	2	u32	2	1	24	s0|ra	
0x80150BEC	120	func_80150BEC	high	1	u32	0	1	32	s0|s1|ra	addr_taken
0x80150C64	256	func_80150C64	verified	1	u32	2	1	40	s0|s1|ra	
0x80150D64	176	func_80150D64	verified	1	u32	1	2	32	ra	
0x80150E14	60	func_80150E14	high	1	u32	0	0	24	ra	addr_taken|indirect
0x80150E50	68	func_80150E50	high	1	u32	0	2	24	ra	addr_taken
0x80150E94	80	func_80150E94	verified	1	u32	1	1	24	ra	
0x80150EE4	20	func_80150EE4	high	1	u32	1	0	0		leaf
0x80150EF8	60	func_80150EF8	high	1	u32	0	0	24	ra	addr_taken|indirect
0x80150F34	84	func_80150F34	high	1	u32	0	2	24	s0|ra	addr_taken|indirect
0x80150F88	48	func_80150F88	high	1	u32	0	1	24	ra	addr_taken
0x80150FB8	88	func_80150FB8	high	1	u32	0	2	24	ra	addr_taken
0x80151010	72	func_80151010	high	1	u32	0	1	24	ra	addr_taken
0x80151058	76	func_80151058	high	1	u32	0	1	24	s0|ra	addr_taken|indirect
0x801510A4	64	func_801510A4	high	1	u32	0	2	24	s0|ra	addr_taken
0x801510E4	108	func_801510E4	verified	1	u32	2	1	24	ra	
0x80151150	76	func_80151150	high	1	u32	0	1	24	ra	addr_taken
0x8015119C	88	func_8015119C	high	1	u32	0	2	24	ra	addr_taken
0x801511F4	144	func_801511F4	high	1	u32	0	3	24	s0|ra	addr_taken
0x80151284	76	func_80151284	high	1	u32	0	1	24	s0|ra	addr_taken|indirect
0x801512D0	64	func_801512D0	high	1	u32	0	2	24	s0|ra	addr_taken
0x80151310	76	func_80151310	high	1	u32	0	1	24	ra	addr_taken
0x8015135C	172	func_8015135C	high	1	u32	0	3	24	ra	addr_taken
0x80151408	84	func_80151408	high	1	u32	0	2	24	s0|ra	addr_taken
0x8015145C	64	func_8015145C	high	1	u32	0	2	24	ra	addr_taken
0x8015149C	292	func_8015149C	verified	1	u32	1	2	32	s0|s1|ra	
0x801515C0	68	func_801515C0	verified	1	u32	2	2	24	s0|ra	
0x80151604	64	func_80151604	high	1	u32	0	2	24	ra	addr_taken
0x80151644	96	func_80151644	verified	1	u32	1	2	32	s0|s1|ra	
0x801516A4	32	func_801516A4	high	0	void	0	1	24	ra	addr_taken
0x801516C4	92	func_801516C4	high	1	u32	2	0	0		leaf
0x80151720	180	func_80151720	high	1	u32	3	0	0		leaf
0x801517D4	148	func_801517D4	high	1	u32	3	0	0		leaf
0x80151868	164	func_80151868	medium	3	u32	0	1	32	s0|s1|s2|ra	orphan
0x8015190C	452	func_8015190C	medium	3	u32	0	2	48	s0|s1|s2|s3|s4|s5|ra	orphan
0x80151AD0	184	func_80151AD0	medium	3	u32	0	1	40	s0|s1|s2|s3|s4|ra	orphan
0x80151B88	408	func_80151B88	medium	3	u32	0	2	48	s0|s1|s2|s3|s4|s5|ra	orphan
0x80151D20	60	func_80151D20	high	1	u32	0	0	24	ra	addr_taken|indirect
0x80151D5C	72	func_80151D5C	high	1	u32	0	2	24	s0|ra	addr_taken
0x80151DA4	84	func_80151DA4	verified	1	u32	2	1	24	ra	
0x80151DF8	184	func_80151DF8	high	1	u32	0	3	0	s0|ra	addr_taken
0x80151EB0	60	func_80151EB0	high	1	u32	0	1	24	ra	addr_taken
0x80151EEC	144	func_80151EEC	high	2	u32	2	0	0		leaf
0x80151F7C	244	func_80151F7C	verified	1	u32	2	4	40	s0|s1|s2|s3|ra	
0x80152070	80	func_80152070	high	1	u32	2	1	0	s0|ra	
0x801520C0	84	func_801520C0	verified	1	u32	1	1	24	s0|ra	
0x80152114	60	func_80152114	high	1	u32	0	0	24	ra	addr_taken|indirect
0x80152150	76	func_80152150	high	1	u32	0	1	24	ra	addr_taken
0x8015219C	88	func_8015219C	verified	1	u32	1	3	24	ra	addr_taken
0x801521F4	192	func_801521F4	verified	1	u32	1	6	24	s0|ra	
0x801522B4	156	func_801522B4	verified	1	u32	1	5	24	s0|ra	
0x80152350	212	func_80152350	high	1	u32	1	5	0	s0|ra	
0x80152424	36	func_80152424	high	1	u32	2	0	0		leaf
0x80152448	156	func_80152448	high	1	u32	2	0	0		leaf
0x801524E4	124	func_801524E4	high	1	u32	1	0	0		leaf
0x80152560	100	func_80152560	verified	2	u32	2	2	32	s0|s1|ra	
0x801525C4	176	func_801525C4	verified	2	u32	4	1	40	s0|s1|s2|s3|ra	
0x80152674	32	func_80152674	verified	0	void	2	1	24	ra	
0x80152694	32	func_80152694	verified	0	void	2	1	24	ra	
0x801526B4	32	func_801526B4	verified	0	void	1	1	24	ra	
0x801526D4	32	func_801526D4	medium	0	void	0	1	24	ra	orphan
0x801526F4	60	func_801526F4	medium	1	u32	0	0	24	ra	orphan|indirect
0x80152730	136	func_80152730	high	1	u32	0	2	24	s0|ra	addr_taken
0x801527B8	216	func_801527B8	high	1	u32	0	2	24	s0|ra	addr_taken
0x80152890	40	func_80152890	verified	0	void	4	1	24	ra	
0x801528B8	40	func_801528B8	medium	0	void	0	1	24	ra	orphan
0x801528E0	256	func_801528E0	verified	4	u32	2	2	40	s0|s1|s2|s3|ra	
0x801529E0	280	func_801529E0	medium	1	u32	0	4	32	s0|s1|ra	orphan
0x80152AF8	216	func_80152AF8	medium	3	u32	0	3	40	s0|s1|s2|s3|ra	orphan
0x80152BD0	64	func_80152BD0	low	1	u32	0	0	0		leaf|orphan
0x80152C10	40	func_80152C10	low	1	u32	0	0	0		leaf|orphan
0x80152C38	256	func_80152C38	high	1	u32	0	2	24	ra	addr_taken
0x80152D38	168	func_80152D38	verified	1	u32	1	1	24	s0|ra	
0x80152DE0	60	func_80152DE0	high	1	u32	0	0	24	ra	addr_taken|indirect
0x80152E1C	164	func_80152E1C	high	1	u32	0	1	24	ra	addr_taken
0x80152EC0	200	func_80152EC0	high	1	u32	0	2	32	s0|s1|ra	addr_taken
0x80152F88	20	func_80152F88	high	1	u32	0	0	0		leaf|addr_taken
0x80152F9C	64	func_80152F9C	medium	1	u32	0	1	24	s0|ra	orphan
0x80152FDC	56	func_80152FDC	medium	2	u32	0	1	24	ra	orphan
0x80153014	224	func_80153014	medium	0	u32	2	0	40	s0|s1|s2|s3|s4|ra	orphan|indirect
0x801530F4	172	func_801530F4	medium	0	u32	1	0	40	s0|s1|s2|s3|ra	orphan|indirect
0x801531A0	60	func_801531A0	high	1	u32	0	0	24	ra	addr_taken|indirect
0x801531DC	92	func_801531DC	high	1	u32	0	0	24	s0|ra	addr_taken|indirect
0x80153238	176	func_80153238	high	1	u32	0	4	32	s0|ra	addr_taken
0x801532E8	84	func_801532E8	high	1	u32	0	2	24	s0|ra	addr_taken|indirect
0x8015333C	32	func_8015333C	high	1	u32	0	0	0		leaf|addr_taken
0x8015335C	96	func_8015335C	high	1	u32	0	0	0		leaf|addr_taken
0x801533BC	64	func_801533BC	high	1	u32	0	0	0		leaf|addr_taken
0x801533FC	76	func_801533FC	high	1	u32	0	0	0		leaf|addr_taken
0x80153448	72	func_80153448	high	1	u32	0	0	0		leaf|addr_taken
0x80153490	92	func_80153490	high	1	u32	0	0	24	s0|ra	addr_taken|indirect
0x801534EC	116	func_801534EC	high	1	u32	0	3	24	s0|ra	addr_taken
0x80153560	76	func_80153560	high	1	u32	0	1	24	s0|ra	addr_taken|indirect
0x801535AC	56	func_801535AC	high	1	u32	0	0	0		leaf|addr_taken
0x801535E4	116	func_801535E4	high	1	u32	0	1	24	ra	addr_taken
0x80153658	112	func_80153658	high	1	u32	0	1	24	ra	addr_taken
0x801536C8	120	func_801536C8	high	1	u32	0	2	24	s0|ra	addr_taken
0x80153740	28	func_80153740	high	1	u32	0	0	0		leaf|addr_taken
0x8015375C	92	func_8015375C	high	1	u32	0	0	24	s0|ra	addr_taken|indirect
0x801537B8	132	func_801537B8	high	1	u32	0	3	24	s0|ra	addr_taken
0x8015383C	140	func_8015383C	high	1	u32	0	1	24	s0|ra	addr_taken|indirect
0x801538C8	80	func_801538C8	high	1	u32	0	1	24	ra	addr_taken
0x80153918	120	func_80153918	high	1	u32	0	2	24	s0|ra	addr_taken
0x80153990	24	func_80153990	high	1	u32	0	0	0		leaf|addr_taken
0x801539A8	72	func_801539A8	high	1	u32	0	0	0		leaf|addr_taken
0x801539F0	64	func_801539F0	high	1	u32	0	0	0		leaf|addr_taken
0x80153A30	60	func_80153A30	high	1	u32	0	0	24	ra	addr_taken|indirect
0x80153A6C	276	func_80153A6C	high	1	u32	0	5	40	s0|s1|ra	addr_taken
0x80153B80	76	func_80153B80	high	1	u32	0	1	24	s0|ra	addr_taken|indirect
0x80153BCC	60	func_80153BCC	high	1	u32	0	0	24	ra	addr_taken|indirect
0x80153C08	132	func_80153C08	high	1	u32	0	2	24	s0|ra	addr_taken
0x80153C8C	132	func_80153C8C	high	1	u32	0	1	24	ra	addr_taken
0x80153D10	88	func_80153D10	high	1	u32	0	1	24	ra	addr_taken
0x80153D68	108	func_80153D68	high	1	u32	0	2	24	s0|ra	addr_taken
0x80153DD4	84	func_80153DD4	high	1	u32	2	1	0	ra	
0x80153E28	88	func_80153E28	high	1	u32	0	1	24	ra	addr_taken
0x80153E80	236	func_80153E80	high	1	u32	0	1	24	ra	addr_taken
0x80153F6C	152	func_80153F6C	verified	0	u32	1	2	24	s0|ra	
0x80154004	168	func_80154004	verified	0	u32	1	2	32	s0|s1|ra	
0x801540AC	196	func_801540AC	verified	0	u32	2	2	32	s0|s1|ra	
0x80154170	164	func_80154170	medium	0	u32	1	2	32	s0|s1|ra	orphan
0x80154214	84	func_80154214	verified	3	u32	4	1	32	s0|s1|ra	
0x80154268	52	func_80154268	high	4	u32	13	0	0		leaf
0x8015429C	204	func_8015429C	verified	1	u32	4	1	24	ra	
0x80154368	60	func_80154368	high	1	u32	0	0	24	ra	addr_taken|indirect
0x801543A4	92	func_801543A4	high	1	u32	0	0	24	s0|ra	addr_taken|indirect
0x80154400	180	func_80154400	high	1	u32	0	2	24	s0|ra	addr_taken
0x801544B4	84	func_801544B4	high	1	u32	0	2	24	s0|ra	addr_taken|indirect
0x80154508	76	func_80154508	high	1	u32	0	0	0		leaf|addr_taken
0x80154554	88	func_80154554	high	1	u32	0	0	0		leaf|addr_taken
0x801545AC	72	func_801545AC	high	1	u32	0	0	0		leaf|addr_taken
0x801545F4	72	func_801545F4	high	1	u32	0	0	0		leaf|addr_taken
0x8015463C	92	func_8015463C	high	1	u32	0	0	24	s0|ra	addr_taken|indirect
0x80154698	172	func_80154698	high	1	u32	0	3	32	s0|s1|ra	addr_taken
0x80154744	60	func_80154744	high	1	u32	0	0	24	ra	addr_taken|indirect
0x80154780	44	func_80154780	high	1	u32	0	0	0		leaf|addr_taken
0x801547AC	96	func_801547AC	high	1	u32	0	1	24	ra	addr_taken
0x8015480C	64	func_8015480C	high	1	u32	0	1	0	ra	addr_taken
0x8015484C	92	func_8015484C	high	1	u32	0	0	24	s0|ra	addr_taken|indirect
0x801548A8	136	func_801548A8	high	1	u32	0	2	24	s0|ra	addr_taken
0x80154930	60	func_80154930	high	1	u32	0	0	24	ra	addr_taken|indirect
0x8015496C	88	func_8015496C	high	1	u32	0	1	24	ra	addr_taken
0x801549C4	96	func_801549C4	high	1	u32	0	1	24	ra	addr_taken
0x80154A24	92	func_80154A24	high	1	u32	0	0	24	s0|ra	addr_taken|indirect
0x80154A80	92	func_80154A80	high	1	u32	0	1	24	ra	addr_taken
0x80154ADC	76	func_80154ADC	high	1	u32	0	1	24	s0|ra	addr_taken|indirect
0x80154B28	52	func_80154B28	high	1	u32	0	0	0		leaf|addr_taken
0x80154B5C	48	func_80154B5C	high	1	u32	0	0	0		leaf|addr_taken
0x80154B8C	56	func_80154B8C	high	1	u32	0	0	0		leaf|addr_taken
0x80154BC4	92	func_80154BC4	high	1	u32	0	0	24	ra	addr_taken|indirect
0x80154C20	88	func_80154C20	high	1	u32	0	1	24	ra	addr_taken
0x80154C78	76	func_80154C78	high	1	u32	0	1	24	ra	addr_taken
0x80154CC4	164	func_80154CC4	high	1	u32	0	2	32	s0|s1|ra	addr_taken
0x80154D68	92	func_80154D68	high	1	u32	0	0	0		leaf|addr_taken
0x80154DC4	60	func_80154DC4	high	1	u32	0	0	24	ra	addr_taken|indirect
0x80154E00	104	func_80154E00	high	1	u32	0	2	24	s0|ra	addr_taken
0x80154E68	84	func_80154E68	high	1	u32	0	2	24	s0|ra	addr_taken|indirect
0x80154EBC	56	func_80154EBC	high	1	u32	0	0	0		leaf|addr_taken
0x80154EF4	76	func_80154EF4	high	1	u32	0	0	0		leaf|addr_taken
0x80154F40	84	func_80154F40	high	1	u32	0	0	0		leaf|addr_taken
0x80154F94	48	func_80154F94	high	1	u32	0	0	0		leaf|addr_taken
0x80154FC4	68	func_80154FC4	high	1	u32	0	0	0		leaf|addr_taken
0x80155008	60	func_80155008	high	1	u32	0	0	24	ra	addr_taken|indirect
0x80155044	68	func_80155044	high	1	u32	0	1	24	s0|ra	addr_taken
0x80155088	144	func_80155088	high	1	u32	0	1	24	s0|ra	addr_taken|indirect
0x80155118	92	func_80155118	high	1	u32	0	1	24	s0|ra	addr_taken
0x80155174	116	func_80155174	high	1	u32	0	2	24	s0|ra	addr_taken
0x801551E8	132	func_801551E8	high	1	u32	0	3	0	s0|ra	addr_taken
0x8015526C	120	func_8015526C	high	1	u32	0	1	24	s0|ra	addr_taken
0x801552E4	112	func_801552E4	high	1	u32	0	2	24	s0|ra	addr_taken
0x80155354	44	func_80155354	high	1	u32	0	0	0		leaf|addr_taken
0x80155380	52	func_80155380	low	1	u32	0	0	0		leaf|orphan
0x801553B4	84	func_801553B4	high	1	u32	0	0	0		leaf|addr_taken
0x80155408	60	func_80155408	high	1	u32	0	0	24	ra	addr_taken|indirect
0x80155444	104	func_80155444	high	1	u32	0	2	24	s0|ra	addr_taken
0x801554AC	92	func_801554AC	high	1	u32	0	0	24	s0|ra	addr_taken|indirect
0x80155508	156	func_80155508	high	1	u32	0	3	24	s0|ra	addr_taken
0x801555A4	200	func_801555A4	high	1	u32	2	0	0		leaf
0x8015566C	60	func_8015566C	high	1	u32	0	0	24	ra	addr_taken|indirect
0x801556A8	44	func_801556A8	high	1	u32	0	0	0		leaf|addr_taken
0x801556D4	88	func_801556D4	high	1	u32	0	1	24	ra	addr_taken
0x8015572C	100	func_8015572C	high	1	u32	0	1	24	ra	addr_taken
0x80155790	92	func_80155790	high	1	u32	0	2	0	s0|ra	addr_taken
0x801557EC	52	func_801557EC	verified	2	void	2	2	24	s0|ra	
0x80155820	128	func_80155820	high	2	u32	2	0	0		leaf
0x801558A0	60	func_801558A0	high	0	u32	2	0	0		leaf
0x801558DC	304	func_801558DC	high	1	u32	0	1	48	s0|s1|s2|s3|ra	addr_taken
0x80155A0C	60	func_80155A0C	high	1	u32	0	0	24	ra	addr_taken|indirect
0x80155A48	288	func_80155A48	high	1	u32	0	3	40	s0|s1|s2|s3|ra	addr_taken
0x80155B68	60	func_80155B68	high	1	u32	0	0	24	ra	addr_taken|indirect
0x80155BA4	248	func_80155BA4	high	1	u32	0	2	24	s0|ra	addr_taken
0x80155C9C	32	func_80155C9C	high	0	void	0	1	24	ra	addr_taken
0x80155CBC	60	func_80155CBC	high	1	u32	0	0	24	ra	addr_taken|indirect
0x80155CF8	116	func_80155CF8	high	1	u32	0	1	24	s0|ra	addr_taken
0x80155D6C	60	func_80155D6C	high	1	u32	0	0	24	ra	addr_taken|indirect
0x80155DA8	208	func_80155DA8	high	1	u32	0	2	32	s0|s1|ra	addr_taken
0x80155E78	32	func_80155E78	high	0	void	0	1	24	ra	addr_taken
0x80155E98	136	func_80155E98	verified	0	u32	1	1	24	s0|ra	
0x80155F20	76	func_80155F20	high	1	u32	0	0	0	ra	addr_taken|indirect
0x80155F6C	52	func_80155F6C	high	1	u32	0	0	0		leaf|addr_taken
0x80155FA0	32	func_80155FA0	high	0	void	0	1	24	ra	addr_taken
0x80155FC0	268	func_80155FC0	high	2	u32	0	1	32	s0|s1|ra	addr_taken|indirect
0x801560CC	8	func_801560CC	high	0	void	0	0	0		leaf|addr_taken
0x801560D4	60	func_801560D4	high	1	u32	0	0	24	ra	addr_taken|indirect
0x80156110	104	func_80156110	high	1	u32	0	3	24	s0|ra	addr_taken
0x80156178	92	func_80156178	high	1	u32	0	1	24	ra	addr_taken
0x801561D4	124	func_801561D4	high	1	u32	0	2	24	s0|ra	addr_taken
0x80156250	76	func_80156250	high	1	u32	0	1	24	ra	addr_taken
0x8015629C	60	func_8015629C	high	1	u32	0	0	24	ra	addr_taken|indirect
0x801562D8	244	func_801562D8	high	2	u32	0	2	32	s0|ra	addr_taken
0x801563CC	288	func_801563CC	high	2	u32	0	2	32	s0|ra	addr_taken
0x801564EC	192	func_801564EC	high	2	u32	0	1	32	s0|ra	addr_taken
0x801565AC	200	func_801565AC	high	1	u32	0	1	32	s0|ra	addr_taken
0x80156674	60	func_80156674	high	1	u32	0	0	24	ra	addr_taken|indirect
0x801566B0	272	func_801566B0	high	2	u32	0	2	32	s0|ra	addr_taken
0x801567C0	60	func_801567C0	high	1	u32	0	0	24	ra	addr_taken|indirect
0x801567FC	240	func_801567FC	high	2	u32	0	2	32	s0|ra	addr_taken
0x801568EC	272	func_801568EC	high	2	u32	0	2	32	s0|ra	addr_taken
0x801569FC	184	func_801569FC	high	3	u32	2	0	0		leaf
0x80156AB4	204	func_80156AB4	high	2	u32	1	0	0		leaf
0x80156B80	268	func_80156B80	verified	1	u32	3	2	24	s0|ra	
0x80156C8C	464	func_80156C8C	verified	1	u32	1	1	32	s0|s1|s2|ra	
0x80156E5C	60	func_80156E5C	high	1	u32	0	0	24	ra	addr_taken|indirect
0x80156E98	32	func_80156E98	high	0	void	0	1	24	ra	addr_taken
0x80156EB8	168	func_80156EB8	high	1	u32	0	2	24	s0|ra	addr_taken
0x80156F60	404	func_80156F60	verified	1	u32	1	3	32	s0|ra	addr_taken
0x801570F4	60	func_801570F4	high	1	u32	0	0	24	ra	addr_taken|indirect
0x80157130	32	func_80157130	high	0	void	0	1	24	ra	addr_taken
0x80157150	180	func_80157150	high	1	u32	0	2	24	s0|ra	addr_taken
0x80157204	296	func_80157204	verified	1	u32	1	3	24	s0|ra	addr_taken
0x8015732C	28	func_8015732C	high	2	u32	6	0	0		leaf
0x80157348	184	func_80157348	verified	1	u32	6	1	48	s0|s1|s2|s3|ra	
0x80157400	184	func_80157400	verified	2	u32	1	1	48	s0|s1|s2|s3|ra	
0x801574B8	400	func_801574B8	medium	0	u32	2	0	40	s0|s1|s2|s3|s4|ra	orphan|indirect
0x80157648	156	func_80157648	medium	0	u32	1	0	32	s0|s1|s2|ra	orphan|indirect
0x801576E4	72	func_801576E4	high	1	u32	0	0	24	ra	addr_taken|indirect
0x8015772C	124	func_8015772C	high	1	u32	0	0	0		leaf|addr_taken
0x801577A8	104	func_801577A8	high	1	u32	0	0	24	ra	addr_taken|indirect
0x80157810	80	func_80157810	high	1	u32	0	0	0		leaf|addr_taken
0x80157860	12	func_80157860	low	1	void	0	0	0		leaf|orphan
0x8015786C	136	func_8015786C	high	1	u32	0	0	0		leaf|addr_taken
0x801578F4	8	func_801578F4	high	0	void	0	0	0		leaf|addr_taken
0x801578FC	32	func_801578FC	high	0	void	0	1	24	ra	addr_taken
0x8015791C	60	func_8015791C	high	1	u32	0	0	24	ra	addr_taken|indirect
0x80157958	48	func_80157958	high	1	u32	0	0	0		leaf|addr_taken
0x80157988	52	func_80157988	low	1	u32	0	0	0		leaf|orphan
0x801579BC	60	func_801579BC	high	0	void	0	1	24	s0|ra	addr_taken
0x801579F8	528	func_801579F8	verified	2	u32	1	2	40	s0|s1|s2|ra	
0x80157C08	28	func_80157C08	low	0	u32	0	0	0		leaf|orphan
0x80157C24	24	func_80157C24	low	4	u32	0	0	0		leaf|orphan
0x80157C3C	80	func_80157C3C	high	2	u32	3	0	0		leaf
0x80157C8C	76	func_80157C8C	high	2	u32	1	0	0		leaf
0x80157CD8	76	func_80157CD8	low	3	u32	0	0	0		leaf|orphan
0x80157D24	76	func_80157D24	medium	0	u32	0	0	24	ra	orphan|indirect
0x80157D70	60	func_80157D70	high	1	u32	0	0	24	ra	addr_taken|indirect
0x80157DAC	480	func_80157DAC	high	1	u32	0	4	64	s0|s1|s2|s3|s4|s5|s6|s7|ra	addr_taken
0x80157F8C	60	func_80157F8C	high	1	u32	0	0	24	ra	addr_taken|indirect
0x80157FC8	212	func_80157FC8	high	1	u32	0	4	24	s0|ra	addr_taken
0x8015809C	316	func_8015809C	high	1	u32	0	3	32	s0|s1|ra	addr_taken
0x801581D8	112	func_801581D8	high	1	u32	0	3	24	s0|ra	addr_taken
0x80158248	144	func_80158248	high	1	u32	0	2	32	s0|s1|ra	addr_taken
0x801582D8	200	func_801582D8	high	1	u32	0	3	24	s0|ra	addr_taken
0x801583A0	64	func_801583A0	high	1	u32	0	1	24	ra	addr_taken
0x801583E0	76	func_801583E0	high	1	u32	0	1	24	ra	addr_taken
0x8015842C	144	func_8015842C	high	1	u32	0	0	0		leaf|addr_taken
0x801584BC	260	func_801584BC	high	1	u32	0	3	24	s0|ra	addr_taken
0x801585C0	148	func_801585C0	high	1	u32	0	1	40	s0|s1|s2|s3|ra	addr_taken
0x80158654	196	func_80158654	high	2	u32	1	0	0		leaf
0x80158718	8	func_80158718	low	0	void	0	0	0		leaf|orphan
0x80158720	292	func_80158720	high	1	u32	4	0	0		leaf
0x80158844	112	func_80158844	high	1	u32	5	0	0		leaf
0x801588B4	36	func_801588B4	high	1	u32	0	0	0		leaf|addr_taken
0x801588D8	60	func_801588D8	high	1	u32	0	0	24	ra	addr_taken|indirect
0x80158914	312	func_80158914	high	1	u32	0	3	56	s0|s1|s2|s3|s4|s5|s6|s7|ra	addr_taken
0x80158A4C	60	func_80158A4C	high	1	u32	0	0	24	ra	addr_taken|indirect
0x80158A88	32	func_80158A88	high	1	u32	0	0	0		leaf|addr_taken
0x80158AA8	116	func_80158AA8	high	1	u32	0	1	32	ra	addr_taken
0x80158B1C	76	func_80158B1C	high	1	u32	0	2	24	s0|ra	addr_taken
0x80158B68	228	func_80158B68	high	1	u32	0	2	24	s0|ra	addr_taken
0x80158C4C	108	func_80158C4C	high	1	u32	0	0	0		leaf|addr_taken
0x80158CB8	176	func_80158CB8	high	1	u32	0	1	24	ra	addr_taken
0x80158D68	244	func_80158D68	high	1	u32	0	0	0		leaf|addr_taken
0x80158E5C	52	func_80158E5C	high	1	u32	0	0	0		leaf|addr_taken
0x80158E90	104	func_80158E90	high	1	u32	0	1	24	s0|ra	addr_taken
0x80158EF8	56	func_80158EF8	high	1	u32	1	0	0		leaf
0x80158F30	104	func_80158F30	low	3	u32	0	0	0		leaf|orphan
0x80158F98	8	func_80158F98	low	0	u32	0	0	0		leaf|orphan
0x80158FA0	8	func_80158FA0	low	0	void	0	0	0		leaf|orphan
0x80158FA8	312	func_80158FA8	high	1	u32	3	0	0		leaf
0x801590E0	92	func_801590E0	low	0	u32	1	0	0		leaf|orphan
0x8015913C	168	func_8015913C	medium	0	u32	0	6	24	ra	orphan
0x801591E4	188	func_801591E4	medium	0	u32	1	2	24	ra	orphan
0x801592A0	348	func_801592A0	medium	0	u32	2	1	32	s0|s1|s2|ra	orphan
0x801593FC	64	func_801593FC	low	0	u32	2	0	0		leaf|orphan
0x8015943C	68	func_8015943C	low	0	u32	0	0	0		leaf|orphan
0x80159480	188	func_80159480	medium	0	u32	1	5	24	ra	orphan
0x8015953C	28	func_8015953C	low	0	u32	3	0	0		leaf|orphan
0x80159558	120	func_80159558	medium	0	u32	1	1	24	s0|ra	orphan
0x801595D0	108	func_801595D0	medium	0	u32	1	1	24	ra	orphan
0x8015963C	32	func_8015963C	low	0	u32	1	0	0		leaf|orphan
0x8015965C	72	func_8015965C	low	1	u32	0	0	0		leaf|orphan
0x801596A4	172	func_801596A4	low	3	u32	0	0	0		leaf|orphan
0x80159750	72	func_80159750	medium	0	void	2	1	24	ra	orphan
0x80159798	128	func_80159798	low	1	u32	1	0	0		leaf|orphan
0x80159818	44	func_80159818	low	1	u32	9	1	0	ra	orphan
0x80159844	28	func_80159844	low	0	u32	5	0	0		leaf|orphan
0x80159860	20	func_80159860	low	0	u32	0	0	0		leaf|orphan
0x80159874	120	func_80159874	medium	1	u32	0	3	24	s0|ra	orphan
0x801598EC	316	func_801598EC	medium	0	u32	0	4	24	ra	orphan
0x80159A28	64	func_80159A28	medium	1	u32	1	1	24	ra	orphan
0x80159A68	64	func_80159A68	medium	1	u32	0	1	24	ra	orphan
0x80159AA8	92	func_80159AA8	medium	1	u32	0	1	24	ra	orphan
0x80159B04	64	func_80159B04	medium	1	u32	1	1	24	ra	orphan
0x80159B44	132	func_80159B44	medium	1	u32	0	1	24	ra	orphan
0x80159BC8	64	func_80159BC8	medium	1	u32	1	1	24	ra	orphan
0x80159C08	48	func_80159C08	medium	0	void	1	1	24	ra	orphan
0x80159C38	140	func_80159C38	low	1	u32	1	0	0		leaf|orphan
0x80159CC4	440	func_80159CC4	medium	0	u32	1	1	24	s0|ra	orphan
0x80159E7C	200	func_80159E7C	medium	0	u32	1	0	48	s0|s1|s2|s3|s4|s5|ra	orphan|indirect
0x80159F44	248	func_80159F44	verified	2	u32	28	1	32	s0|s1|s2|ra	
0x8015A03C	32	func_8015A03C	high	1	u32	13	0	0		leaf
0x8015A05C	40	func_8015A05C	high	0	u32	8	0	0		leaf
0x8015A084	68	func_8015A084	low	2	u32	0	0	0		leaf|orphan
0x8015A0C8	104	func_8015A0C8	low	1	u32	0	0	0		leaf|orphan
0x8015A130	60	func_8015A130	high	1	u32	0	0	24	ra	addr_taken|indirect
0x8015A16C	348	func_8015A16C	high	1	u32	0	1	32	s0|s1|ra	addr_taken|indirect
0x8015A2C8	72	func_8015A2C8	high	1	u32	0	1	24	s0|ra	addr_taken
0x8015A310	144	func_8015A310	high	1	u32	0	1	24	s0|ra	addr_taken
0x8015A3A0	224	func_8015A3A0	high	1	u32	0	1	32	s0|s1|ra	addr_taken
0x8015A480	164	func_8015A480	high	1	u32	0	1	24	s0|ra	addr_taken
0x8015A524	148	func_8015A524	high	1	u32	0	1	24	s0|ra	addr_taken
0x8015A5B8	156	func_8015A5B8	high	1	u32	0	1	24	s0|ra	addr_taken
0x8015A654	60	func_8015A654	high	1	u32	0	0	24	ra	addr_taken|indirect
0x8015A690	100	func_8015A690	high	1	u32	0	0	0		leaf|addr_taken
0x8015A6F4	20	func_8015A6F4	low	3	u32	0	0	0		leaf|orphan
0x8015A708	100	func_8015A708	high	1	u32	0	0	0		leaf|addr_taken
0x8015A76C	20	func_8015A76C	low	3	u32	0	0	0		leaf|orphan
0x8015A780	40	func_8015A780	low	3	u32	0	0	0		leaf|orphan
0x8015A7A8	148	func_8015A7A8	high	1	u32	0	0	0		leaf|addr_taken
0x8015A83C	20	func_8015A83C	low	3	u32	0	0	0		leaf|orphan
0x8015A850	100	func_8015A850	high	1	u32	0	0	0		leaf|addr_taken
0x8015A8B4	20	func_8015A8B4	low	1	u32	0	0	0		leaf|orphan
0x8015A8C8	48	func_8015A8C8	low	1	u32	0	0	0		leaf|orphan
0x8015A8F8	164	func_8015A8F8	high	1	u32	0	0	0		leaf|addr_taken
0x8015A99C	44	func_8015A99C	low	3	u32	0	0	0		leaf|orphan
0x8015A9C8	152	func_8015A9C8	high	1	u32	0	0	0		leaf|addr_taken
0x8015AA60	20	func_8015AA60	high	1	u32	0	0	0		leaf|addr_taken
0x8015AA74	32	func_8015AA74	high	0	void	0	1	24	ra	addr_taken
0x8015AA94	60	func_8015AA94	high	1	u32	0	0	24	ra	addr_taken|indirect
0x8015AAD0	200	func_8015AAD0	high	1	u32	0	0	0		leaf|addr_taken
0x8015AB98	88	func_8015AB98	low	3	u32	0	0	0		leaf|orphan
0x8015ABF0	64	func_8015ABF0	high	1	u32	0	2	24	ra	addr_taken
0x8015AC30	60	func_8015AC30	verified	1	u32	1	0	24	ra	indirect
0x8015AC6C	132	func_8015AC6C	high	1	u32	0	0	0		leaf|addr_taken
0x8015ACF0	124	func_8015ACF0	high	1	u32	0	0	0		leaf|addr_taken
0x8015AD6C	20	func_8015AD6C	high	1	u32	0	0	0		leaf|addr_taken
0x8015AD80	96	func_8015AD80	high	1	u32	1	0	0		leaf
0x8015ADE0	20	func_8015ADE0	low	1	u32	0	0	0		leaf|orphan
0x8015ADF4	84	func_8015ADF4	low	1	u32	0	0	0		leaf|orphan
0x8015AE48	20	func_8015AE48	high	1	u32	0	0	0		leaf|addr_taken
0x8015AE5C	32	func_8015AE5C	high	0	void	0	1	24	ra	addr_taken
0x8015AE7C	60	func_8015AE7C	high	1	u32	0	0	24	ra	addr_taken|indirect
0x8015AEB8	60	func_8015AEB8	high	1	u32	0	0	24	ra	addr_taken|indirect
0x8015AEF4	196	func_8015AEF4	high	1	u32	0	1	32	s0|s1|ra	addr_taken
0x8015AFB8	112	func_8015AFB8	high	1	u32	0	0	0		leaf|addr_taken
0x8015B028	72	func_8015B028	high	1	u32	0	0	0		leaf|addr_taken
0x8015B070	60	func_8015B070	high	1	u32	0	0	24	ra	addr_taken|indirect
0x8015B0AC	132	func_8015B0AC	high	1	u32	0	2	24	s0|ra	addr_taken
0x8015B130	260	func_8015B130	high	1	u32	0	2	32	s0|s1|s2|ra	addr_taken
0x8015B234	52	func_8015B234	high	1	u32	0	0	0		leaf|addr_taken
0x8015B268	16	func_8015B268	low	1	u32	0	0	0		leaf|orphan
0x8015B278	20	func_8015B278	high	1	u32	0	0	0		leaf|addr_taken
0x8015B28C	32	func_8015B28C	high	0	void	0	1	24	ra	addr_taken
0x8015B2AC	60	func_8015B2AC	high	2	u32	2	0	0		leaf
0x8015B2E8	60	func_8015B2E8	high	1	u32	0	0	24	ra	addr_taken|indirect
0x8015B324	76	func_8015B324	high	1	u32	0	0	24	s0|ra	addr_taken|indirect
0x8015B370	128	func_8015B370	high	1	u32	0	0	0		leaf|addr_taken
0x8015B3F0	144	func_8015B3F0	high	1	u32	0	0	0		leaf|addr_taken
0x8015B480	60	func_8015B480	high	1	u32	0	0	24	ra	addr_taken|indirect
0x8015B4BC	64	func_8015B4BC	high	1	u32	0	0	0		leaf|addr_taken
0x8015B4FC	20	func_8015B4FC	low	1	u32	0	0	0		leaf|orphan
0x8015B510	72	func_8015B510	high	1	u32	0	0	0		leaf|addr_taken
0x8015B558	8	func_8015B558	low	1	void	0	0	0		leaf|orphan
0x8015B560	48	func_8015B560	low	1	u32	0	0	0		leaf|orphan
0x8015B590	20	func_8015B590	low	1	u32	0	0	0		leaf|orphan
0x8015B5A4	20	func_8015B5A4	high	1	u32	0	0	0		leaf|addr_taken
0x8015B5B8	32	func_8015B5B8	high	0	void	0	1	24	ra	addr_taken
0x8015B5D8	60	func_8015B5D8	high	1	u32	0	0	24	ra	addr_taken|indirect
0x8015B614	332	func_8015B614	high	1	u32	0	2	24	s0|ra	addr_taken
0x8015B760	184	func_8015B760	high	1	u32	0	2	24	s0|ra	addr_taken
0x8015B818	20	func_8015B818	high	1	u32	0	0	0		leaf|addr_taken
0x8015B82C	32	func_8015B82C	high	0	void	0	1	24	ra	addr_taken
0x8015B84C	156	func_8015B84C	verified	3	u32	2	1	32	s0|s1|s2|ra	
0x8015B8E8	60	func_8015B8E8	high	1	u32	0	0	24	ra	addr_taken|indirect
0x8015B924	176	func_8015B924	high	1	u32	0	1	32	s0|s1|ra	addr_taken
0x8015B9D4	208	func_8015B9D4	high	1	u32	0	1	24	ra	addr_taken
0x8015BAA4	20	func_8015BAA4	high	1	u32	0	0	0		leaf|addr_taken
0x8015BAB8	32	func_8015BAB8	high	0	void	0	1	24	ra	addr_taken
0x8015BAD8	356	func_8015BAD8	verified	1	u32	2	1	48	s0|s1|s2|s3|s4|s5|ra	
0x8015BC3C	60	func_8015BC3C	high	1	u32	0	0	24	ra	addr_taken|indirect
0x8015BC78	80	func_8015BC78	high	1	u32	0	0	24	s0|ra	addr_taken|indirect
0x8015BCC8	176	func_8015BCC8	high	1	u32	0	1	24	s0|ra	addr_taken
0x8015BD78	80	func_8015BD78	high	1	u32	0	0	0		leaf|addr_taken
0x8015BDC8	36	func_8015BDC8	high	1	u32	0	0	0		leaf|addr_taken
0x8015BDEC	128	func_8015BDEC	high	1	u32	0	1	24	s0|ra	addr_taken
0x8015BE6C	60	func_8015BE6C	high	1	u32	0	0	24	ra	addr_taken|indirect
0x8015BEA8	172	func_8015BEA8	high	1	u32	0	1	24	s0|ra	addr_taken
0x8015BF54	328	func_8015BF54	high	1	u32	0	2	24	s0|ra	addr_taken
0x8015C09C	52	func_8015C09C	high	1	u32	0	0	0		leaf|addr_taken
0x8015C0D0	20	func_8015C0D0	low	1	u32	0	0	0		leaf|orphan
0x8015C0E4	92	func_8015C0E4	high	1	u32	0	0	0		leaf|addr_taken
0x8015C140	20	func_8015C140	low	2	u32	0	0	0		leaf|orphan
0x8015C154	60	func_8015C154	low	2	u32	0	0	0		leaf|orphan
0x8015C190	32	func_8015C190	low	2	u32	0	0	0		leaf|orphan
0x8015C1B0	60	func_8015C1B0	high	1	u32	0	0	24	ra	addr_taken|indirect
0x8015C1EC	188	func_8015C1EC	high	1	u32	0	1	32	s0|s1|ra	addr_taken
0x8015C2A8	68	func_8015C2A8	high	1	u32	0	0	0		leaf|addr_taken
0x8015C2EC	20	func_8015C2EC	low	1	u32	0	0	0		leaf|orphan
0x8015C300	20	func_8015C300	high	1	u32	0	0	0		leaf|addr_taken
0x8015C314	20	func_8015C314	high	1	u32	0	0	0		leaf|addr_taken
0x8015C328	32	func_8015C328	high	0	void	0	1	24	ra	addr_taken
0x8015C348	60	func_8015C348	high	1	u32	0	0	24	ra	addr_taken|indirect
0x8015C384	180	func_8015C384	high	1	u32	0	0	0		leaf|addr_taken
0x8015C438	212	func_8015C438	high	1	u32	0	0	0		leaf|addr_taken
0x8015C50C	16	func_8015C50C	high	1	u32	0	0	0		leaf|addr_taken
0x8015C51C	32	func_8015C51C	high	0	void	0	1	24	ra	addr_taken
0x8015C53C	60	func_8015C53C	medium	1	u32	1	0	24	ra	orphan|indirect
0x8015C578	100	func_8015C578	high	1	u32	0	0	24	ra	addr_taken|indirect
0x8015C5DC	140	func_8015C5DC	high	1	u32	0	0	0		leaf|addr_taken
0x8015C668	92	func_8015C668	high	1	u32	0	0	0		leaf|addr_taken
0x8015C6C4	128	func_8015C6C4	low	1	u32	0	0	0		leaf|orphan
0x8015C744	56	func_8015C744	high	1	u32	0	0	0		leaf|addr_taken
0x8015C77C	104	func_8015C77C	high	1	u32	0	1	24	ra	addr_taken
0x8015C7E4	136	func_8015C7E4	high	1	u32	0	0	0		leaf|addr_taken
0x8015C86C	480	func_8015C86C	high	1	u32	0	0	0		leaf|addr_taken
0x8015CA4C	60	func_8015CA4C	high	1	u32	0	0	24	ra	addr_taken|indirect
0x8015CA88	88	func_8015CA88	high	1	u32	0	1	0	ra	addr_taken|indirect
0x8015CAE0	64	func_8015CAE0	high	1	u32	0	0	0		leaf|addr_taken
0x8015CB20	28	func_8015CB20	low	1	u32	0	0	0		leaf|orphan
0x8015CB3C	28	func_8015CB3C	high	1	u32	0	0	0		leaf|addr_taken
0x8015CB58	8	func_8015CB58	low	1	void	0	0	0		leaf|orphan
0x8015CB60	28	func_8015CB60	high	1	u32	0	0	0		leaf|addr_taken
0x8015CB7C	8	func_8015CB7C	low	1	void	0	0	0		leaf|orphan
0x8015CB84	44	func_8015CB84	high	0	u32	0	1	0	ra	addr_taken
0x8015CBB0	232	func_8015CBB0	high	1	u32	0	2	0	ra	addr_taken
0x8015CC98	188	func_8015CC98	high	1	u32	0	0	0		leaf|addr_taken
0x8015CD54	40	func_8015CD54	low	2	u32	0	0	0		leaf|orphan
0x8015CD7C	8	func_8015CD7C	low	1	void	0	0	0		leaf|orphan
0x8015CD84	188	func_8015CD84	high	1	u32	0	0	0		leaf|addr_taken
0x8015CE40	40	func_8015CE40	low	2	u32	0	0	0		leaf|orphan
0x8015CE68	8	func_8015CE68	low	1	void	0	0	0		leaf|orphan
0x8015CE70	252	func_8015CE70	high	1	u32	0	0	0		leaf|addr_taken
0x8015CF6C	8	func_8015CF6C	low	2	void	0	0	0		leaf|orphan
0x8015CF74	44	func_8015CF74	verified	1	u32	3	1	24	ra	addr_taken
0x8015CFA0	32	func_8015CFA0	verified	0	void	1	1	24	ra	addr_taken
0x8015CFC0	132	func_8015CFC0	high	1	u32	2	0	0		leaf
0x8015D044	64	func_8015D044	high	2	u32	4	0	0		leaf
0x8015D084	60	func_8015D084	medium	1	u32	0	0	24	ra	orphan|indirect
0x8015D0C0	128	func_8015D0C0	high	1	u32	0	1	24	ra	addr_taken
0x8015D140	52	func_8015D140	high	1	u32	1	0	0		leaf|addr_taken
0x8015D174	132	func_8015D174	low	3	u32	0	0	0		leaf|orphan
0x8015D1F8	32	func_8015D1F8	high	0	void	0	1	24	ra	addr_taken
0x8015D218	60	func_8015D218	medium	1	u32	0	0	24	ra	orphan|indirect
0x8015D254	268	func_8015D254	high	1	u32	0	0	0		leaf|addr_taken
0x8015D360	60	func_8015D360	high	1	u32	0	0	24	ra	addr_taken|indirect
0x8015D39C	128	func_8015D39C	high	1	u32	0	0	0		leaf|addr_taken
0x8015D41C	48	func_8015D41C	high	1	u32	0	0	0		leaf|addr_taken
0x8015D44C	112	func_8015D44C	high	1	u32	0	1	24	ra	addr_taken
0x8015D4BC	100	func_8015D4BC	high	1	u32	0	0	0		leaf|addr_taken
0x8015D520	20	func_8015D520	low	2	u32	0	0	0		leaf|orphan
0x8015D534	48	func_8015D534	high	1	u32	0	0	0		leaf|addr_taken
0x8015D564	32	func_8015D564	high	1	u32	0	0	0		leaf|addr_taken
0x8015D584	56	func_8015D584	high	1	u32	1	0	0		leaf
0x8015D5BC	20	func_8015D5BC	high	1	u32	0	0	0		leaf|addr_taken
0x8015D5D0	32	func_8015D5D0	high	0	void	0	1	24	ra	addr_taken
0x8015D5F0	32	func_8015D5F0	medium	0	void	0	1	24	ra	orphan
0x8015D610	56	func_8015D610	medium	0	void	1	4	24	ra	orphan
0x8015D648	48	func_8015D648	medium	0	void	1	3	24	ra	orphan
0x8015D678	64	func_8015D678	verified	0	u32	2	0	24	ra	indirect
0x8015D6B8	56	func_8015D6B8	high	0	u32	0	1	32	ra	addr_taken
0x8015D6F0	56	func_8015D6F0	high	0	u32	0	1	32	ra	addr_taken
0x8015D728	56	func_8015D728	medium	0	u32	1	1	32	ra	orphan
0x8015D760	56	func_8015D760	medium	0	u32	1	1	32	ra	orphan
0x8015D798	56	func_8015D798	medium	0	u32	0	1	32	ra	orphan
0x8015D7D0	56	func_8015D7D0	medium	0	u32	0	1	32	ra	orphan
0x8015D808	56	func_8015D808	medium	0	u32	0	1	32	ra	orphan
0x8015D840	56	func_8015D840	medium	0	u32	0	1	32	ra	orphan
0x8015D878	56	func_8015D878	medium	0	u32	1	1	32	ra	orphan
0x8015D8B0	56	func_8015D8B0	medium	0	u32	1	1	32	ra	orphan
0x8015D8E8	56	func_8015D8E8	medium	0	u32	1	1	32	ra	orphan
0x8015D920	72	func_8015D920	medium	0	u32	0	1	32	ra	orphan
0x8015D968	68	func_8015D968	verified	0	u32	1	5	24	ra	
0x8015D9AC	12	func_8015D9AC	high	0	u32	1	0	0		leaf
0x8015D9B8	16	func_8015D9B8	high	0	u32	1	0	0		leaf
0x8015D9C8	16	func_8015D9C8	high	0	u32	1	0	0		leaf
0x8015D9D8	16	func_8015D9D8	high	0	u32	1	0	0		leaf
0x8015D9E8	16	func_8015D9E8	high	0	u32	1	0	0		leaf
0x8015D9F8	48	func_8015D9F8	verified	0	void	1	3	24	ra	
0x8015DA28	40	func_8015DA28	verified	0	void	1	1	24	ra	
0x8015DA50	40	func_8015DA50	verified	0	void	1	1	24	ra	
0x8015DA78	40	func_8015DA78	verified	0	void	1	1	24	ra	
0x8015DAA0	160	func_8015DAA0	verified	2	u32	3	1	64	s0|ra	
0x8015DB40	176	func_8015DB40	verified	0	u32	2	2	32	s0|s1|ra	
0x8015DBF0	180	func_8015DBF0	high	0	u32	1	0	0		leaf
0x8015DCA4	140	func_8015DCA4	high	0	u32	1	0	0		leaf
0x8015DD30	104	func_8015DD30	low	0	u32	0	0	0		leaf|orphan
0x8015DD98	192	func_8015DD98	medium	0	u32	1	0	24	s0|ra	orphan|indirect
0x8015DE58	5888	func_8015DE58	high	1	u32	0	3	48	s0|s1|s2|s3|s4|ra	addr_taken
0x8015F558	132	func_8015F558	high	1	u32	0	0	0		leaf|addr_taken
0x8015F5DC	188	func_8015F5DC	high	1	u32	0	6	0	s0|ra	addr_taken
0x8015F698	2028	func_8015F698	high	1	u32	2	0	0		leaf
0x8015FE84	160	func_8015FE84	high	1	u32	2	0	0		leaf
0x8015FF24	1392	func_8015FF24	high	1	u32	1	0	0		leaf
0x80160494	12	func_80160494	low	2	void	0	0	0		leaf|orphan
0x801604A0	1204	func_801604A0	high	1	u32	1	0	0		leaf
0x80160954	52	func_80160954	low	4	u32	0	0	0		leaf|orphan
0x80160988	40	func_80160988	low	4	u32	0	0	0		leaf|orphan
0x801609B0	328	func_801609B0	high	1	u32	1	1	0	s0|s1|ra	
0x80160AF8	156	func_80160AF8	verified	1	u32	1	0	32	s0|s1|ra	indirect
0x80160B94	672	func_80160B94	high	3	u32	0	1	32	ra	addr_taken
0x80160E34	2276	func_80160E34	high	3	u32	0	1	32	ra	addr_taken
0x80161718	1416	func_80161718	high	3	u32	0	2	40	s0|s1|s2|ra	addr_taken
0x80161CA0	8	func_80161CA0	low	0	void	0	0	0		leaf|orphan
0x80161CA8	8	func_80161CA8	low	0	void	0	0	0		leaf|orphan
0x80161CB0	148	func_80161CB0	verified	0	u32	1	0	8	s0	leaf
0x80161D44	80	func_80161D44	verified	0	u32	1	0	24	ra	indirect
0x80161D94	132	func_80161D94	high	2	u32	0	1	32	s0|s1|ra	addr_taken
0x80161E18	60	func_80161E18	high	2	u32	0	0	24	ra	addr_taken|indirect
0x80161E54	24	func_80161E54	high	2	u32	0	0	0		leaf|addr_taken
0x80161E6C	516	func_80161E6C	high	2	u32	0	5	32	s0|s1|ra	addr_taken
0x80162070	404	func_80162070	verified	3	u32	1	1	40	s0|s1|s2|s3|ra	
0x80162204	1048	func_80162204	verified	3	u32	1	2	48	s0|s1|s2|s3|s4|s5|ra	
0x8016261C	116	func_8016261C	high	2	u32	1	0	0		leaf
0x80162690	48	func_80162690	high	2	u32	0	0	0		leaf|addr_taken
0x801626C0	64	func_801626C0	high	0	u32	0	2	24	ra	addr_taken
0x80162700	504	func_80162700	verified	1	u32	1	1	56	s0|s1|s2|s3|s4|s5|ra	
0x801628F8	16	bios_A0_39_InitHeap	verified	0	void	1	0	0		bios|leaf
0x80162908	16	bios_B0_0E_OpenThread	verified	0	void	2	0	0		bios|leaf
0x80162918	16	bios_B0_0F_CloseThread	verified	0	void	3	0	0		bios|leaf
0x80162928	16	bios_B0_10_ChangeThread	verified	0	void	4	0	0		bios|leaf
0x80162938	16	func_80162938	high	0	void	27	0	0		leaf|syscall
0x80162948	16	func_80162948	high	0	void	25	0	0		leaf|syscall
0x80162958	12	func_80162958	low	1	u32	1	0	0		leaf|orphan
0x80162968	156	func_80162968	high	3	u32	1	0	0		leaf
0x80162A04	56	func_80162A04	low	1	u32	0	0	0		leaf|orphan
0x80162A3C	48	func_80162A3C	low	1	u32	0	0	0		leaf|orphan
0x80162A6C	52	func_80162A6C	low	1	u32	0	0	0		leaf|orphan
0x80162AA0	52	func_80162AA0	high	1	u32	2	0	0		leaf
0x80162AD8	48	func_80162AD8	high	2	u32	5	0	0		leaf
0x80162B08	372	func_80162B08	verified	1	u32	1	5	32	s0|s1|ra	indirect
0x80162C7C	92	func_80162C7C	medium	1	u32	0	1	24	s0|ra	orphan
0x80162CD8	164	func_80162CD8	medium	1	u32	0	2	32	s0|s1|s2|ra	orphan|indirect
0x80162D7C	16	func_80162D7C	low	0	u32	0	0	0		leaf|orphan
0x80162D8C	96	func_80162D8C	medium	1	u32	0	1	32	s0|s1|ra	orphan
0x80162DEC	152	func_80162DEC	verified	1	u32	2	2	32	s0|s1|ra	indirect
0x80162E84	104	func_80162E84	high	1	u32	5	1	0	s0|ra	indirect
0x80162EEC	284	func_80162EEC	verified	2	u32	8	1	32	s0|ra	
0x80163008	144	func_80163008	verified	4	u32	1	1	40	s0|s1|s2|s3|ra	indirect
0x80163098	152	func_80163098	medium	4	u32	0	1	40	s0|s1|s2|s3|ra	orphan|indirect
0x80163130	96	func_80163130	verified	2	u32	5	1	32	s0|s1|ra	indirect
0x80163190	96	func_80163190	medium	2	u32	0	1	32	s0|s1|ra	orphan|indirect
0x801631F0	184	func_801631F0	verified	3	u32	3	1	32	s0|s1|s2|ra	indirect
0x801632A8	200	func_801632A8	low	2	u32	4	1	0	s0|s1|ra	orphan
0x80163370	172	func_80163370	high	2	u32	3	1	0	s0|s1|ra	indirect
0x8016341C	92	func_8016341C	medium	1	u32	0	0	32	s0|s1|ra	orphan|indirect
0x80163478	112	func_80163478	high	1	u32	1	1	0	s0|ra	indirect
0x801634E8	192	func_801634E8	verified	1	u32	1	3	32	s0|s1|s2|ra	indirect
0x801635A8	216	func_801635A8	medium	2	u32	0	3	40	s0|s1|s2|s3|ra	orphan|indirect
0x80163680	52	func_80163680	medium	1	u32	0	1	24	s0|ra	orphan
0x801636B4	1272	func_801636B4	verified	1	u32	1	3	32	s0|s1|s2|ra	indirect
0x80163BAC	52	func_80163BAC	medium	1	u32	0	1	24	s0|ra	orphan
0x80163BE0	48	func_80163BE0	low	0	u32	0	0	0	ra	orphan|indirect
0x80163C10	128	func_80163C10	medium	2	u32	0	2	32	s0|s1|ra	orphan
0x80163C90	64	func_80163C90	medium	2	u32	0	1	24	s0|ra	orphan
0x80163CD0	504	func_80163CD0	medium	2	u32	0	5	40	s0|s1|ra	orphan
0x80163EC8	624	func_80163EC8	verified	2	u32	2	5	40	s0|s1|ra	
0x80164138	32	func_80164138	high	3	u32	2	0	0		leaf
0x80164158	152	func_80164158	high	2	u32	3	0	0		leaf
0x801641F0	152	func_801641F0	high	2	u32	3	0	0		leaf
0x80164288	28	func_80164288	high	2	u32	3	0	0		leaf
0x801642A4	128	func_801642A4	high	1	u32	2	0	0		leaf
0x80164324	24	func_80164324	high	0	u32	0	0	0		leaf|addr_taken
0x8016433C	224	func_8016433C	high	2	u32	0	2	32	s0|s1|ra	addr_taken
0x8016441C	560	func_8016441C	high	2	u32	0	2	32	s0|s1|s2|ra	addr_taken
0x8016464C	572	func_8016464C	high	2	u32	0	2	48	s0|s1|s2|s3|s4|s5|ra	addr_taken
0x80164888	640	func_80164888	high	2	u32	0	2	40	s0|s1|s2|s3|s4|ra	addr_taken
0x80164B08	36	func_80164B08	high	1	u32	0	0	0		leaf|addr_taken
0x80164B2C	20	func_80164B2C	high	1	u32	0	0	0		leaf|addr_taken
0x80164B40	64	func_80164B40	high	2	u32	0	0	0		leaf|addr_taken
0x80164B80	72	func_80164B80	high	1	u32	1	0	0		leaf|addr_taken
0x80164BC8	48	func_80164BC8	high	1	u32	1	0	0		leaf|addr_taken
0x80164BF8	36	func_80164BF8	high	3	void	0	1	24	ra	addr_taken
0x80164C1C	688	func_80164C1C	verified	4	u32	1	5	40	s0|s1|s2|s3|ra	addr_taken|indirect
0x80164ECC	608	func_80164ECC	high	0	u32	3	2	0	s0|s1|ra	addr_taken|indirect
0x8016512C	336	func_8016512C	verified	1	u32	1	3	24	s0|ra	addr_taken
0x8016527C	316	func_8016527C	high	1	u32	0	3	24	s0|ra	addr_taken
0x801653B8	52	func_801653B8	verified	0	u32	5	1	24	ra	
0x801653EC	324	func_801653EC	verified	0	u32	9	3	32	ra	
0x80165530	160	func_80165530	high	1	u32	1	0	0		leaf
0x801655D0	236	func_801655D0	medium	2	u32	0	5	32	s0|s1|ra	orphan|indirect
0x801656BC	236	func_801656BC	medium	2	u32	0	5	32	s0|s1|ra	orphan|indirect
0x801657A8	324	func_801657A8	medium	3	u32	0	5	32	s0|s1|s2|ra	orphan|indirect
0x801658EC	252	func_801658EC	low	1	u32	0	5	0	s0|ra	orphan|indirect
0x801659E8	40	func_801659E8	medium	0	void	4	2	24	ra	addr_taken|orphan
0x80165A10	36	func_80165A10	high	3	u32	3	0	0		leaf
0x80165A38	16	bios_A0_49_GPU_cw	verified	0	void	1	0	0		bios|leaf
0x80165A48	52	func_80165A48	high	3	u32	5	0	0		leaf
0x80165A88	60	func_80165A88	verified	4	u32	42	1	24	ra	
0x80165AC8	1684	func_80165AC8	verified	3	u32	1	4	120	s0|s1|s2|s3|s4|s5|s6|s7|fp|ra	break
0x80166168	52	func_80166168	low	1	u32	0	0	0		leaf|orphan
0x8016619C	52	func_8016619C	low	1	u32	0	0	0		leaf|orphan
0x801661D8	80	func_801661D8	high	3	u32	1	0	0		leaf
0x80166228	252	func_80166228	verified	1	u32	4	2	24	s0|ra	
0x80166324	60	func_80166324	high	0	void	2	1	0	ra	
0x80166360	296	func_80166360	medium	1	u32	0	2	24	s0|ra	orphan
0x80166488	16	bios_B0_35_FileWrite	verified	0	void	4	0	0		bios|leaf
0x80166498	52	func_80166498	high	1	u32	2	0	0		leaf
0x801664D8	180	func_801664D8	verified	4	u32	1	1	40	s0|s1|s2|s3|s4|ra	
0x80166598	60	func_80166598	high	4	u32	1	0	0		leaf
0x801665D8	24	func_801665D8	low	2	u32	0	0	0		leaf|orphan
0x801665F8	60	func_801665F8	low	2	u32	1	0	0		leaf|orphan
0x80166638	20	func_80166638	low	1	u32	0	0	0		leaf|orphan
0x80166658	20	func_80166658	low	1	u32	0	0	0		leaf|orphan
0x80166678	20	func_80166678	low	1	u32	1	0	0		leaf|orphan
0x80166698	20	func_80166698	high	1	u32	1	0	0		leaf
0x801666B8	20	func_801666B8	low	1	u32	0	0	0		leaf|orphan
0x801666D8	148	func_801666D8	low	4	u32	0	0	0		leaf|orphan
0x80166778	32	func_80166778	low	3	void	0	0	0		leaf|gte|orphan
0x80166798	144	func_80166798	medium	0	u32	1	5	24	s0|ra	orphan
0x80166828	60	func_80166828	medium	0	u32	1	2	24	ra	orphan
0x80166864	40	func_80166864	medium	0	void	1	1	24	ra	addr_taken|orphan
0x8016688C	40	func_8016688C	medium	0	void	1	1	24	ra	addr_taken|orphan
0x801668B4	40	func_801668B4	medium	0	void	1	1	24	ra	addr_taken|orphan
0x801668E8	16	bios_B0_07_DeliverEvent	verified	0	void	4	0	0		bios|leaf
0x801668F8	1372	func_801668F8	verified	0	u32	4	2	48	s0|s1|ra	
0x80166E54	640	func_80166E54	verified	2	u32	3	6	64	s0|s1|s2|s3|s4|s5|s6|s7|fp|ra	indirect
0x801670D4	712	func_801670D4	medium	2	u32	1	6	64	s0|s1|s2|s3|s4|s5|s6|s7|fp|ra	orphan|indirect
0x8016739C	1036	func_8016739C	high	4	u32	3	7	0	s0|s1|s2|s3|s4|s5|s6|ra	indirect
0x801677A8	136	func_801677A8	high	1	u32	1	0	0		leaf
0x80167830	212	func_80167830	high	0	u32	8	0	0		leaf
0x80167904	240	func_80167904	high	0	u32	2	0	0		leaf
0x801679F4	76	func_801679F4	medium	0	void	0	3	24	ra	orphan
0x80167A40	480	func_80167A40	verified	0	u32	2	7	24	ra	
0x80167C20	360	func_80167C20	medium	1	u32	1	4	48	s0|s1|s2|s3|s4|ra	orphan
0x80167D88	256	func_80167D88	high	2	u32	1	0	0		leaf
0x80167E88	236	func_80167E88	low	2	u32	1	0	0		leaf|orphan
0x80167F74	12	func_80167F74	low	1	void	0	0	0		leaf|orphan
0x80167F80	216	func_80167F80	high	0	u32	2	1	0	s0|s1|s2|s3|ra	addr_taken|indirect
0x80168058	84	func_80168058	verified	1	void	7	2	24	s0|ra	
0x801680B8	376	func_801680B8	high	1	u32	14	1	0	s0|s1|ra	
0x80168230	152	func_80168230	verified	2	u32	1	3	32	ra	
0x801682C8	16	bios_B0_5B_ChangeClearPad	verified	0	void	7	0	0		bios|leaf
0x801682D8	16	bios_C0_0A_ChangeClearRCnt	verified	0	void	5	0	0		bios|leaf
0x801682E8	48	func_801682E8	high	0	u32	7	0	0	ra	indirect
0x80168318	48	func_80168318	high	0	u32	6	0	0	ra	indirect
0x80168348	48	func_80168348	high	0	u32	10	0	0	ra	indirect
0x80168378	52	func_80168378	verified	1	u32	4	0	24	ra	indirect
0x801683AC	48	func_801683AC	high	0	u32	4	0	0	ra	indirect
0x801683DC	48	func_801683DC	high	0	u32	2	0	0	ra	indirect
0x8016840C	48	func_8016840C	low	0	u32	0	0	0	ra	orphan|indirect
0x8016843C	16	func_8016843C	high	0	u32	3	0	0		leaf
0x8016844C	24	func_8016844C	low	0	u32	0	0	0		leaf|orphan
0x80168464	24	func_80168464	high	1	u32	4	0	0		leaf
0x8016847C	104	func_8016847C	medium	0	u32	0	2	24	s0|ra	addr_taken
0x801684E4	112	func_801684E4	low	0	u32	0	6	0		orphan
0x80168554	464	func_80168554	medium	0	u32	1	2	40	s0|s1|s2|s3|s4|ra	orphan|indirect
0x80168724	328	func_80168724	high	2	u32	0	2	40	s0|s1|s2|s3|s4|ra	addr_taken
0x8016886C	160	func_8016886C	high	0	u32	0	2	24	s0|ra	addr_taken
0x8016890C	120	func_8016890C	medium	0	u32	0	2	24	s0|ra	orphan
0x80168984	36	func_80168984	high	2	u32	1	0	0		leaf
0x801689B0	24	bios_A0_72_CdRemove	verified	0	void	1	0	0		bios|leaf|orphan
0x801689C8	16	bios_B0_17_ReturnFromException	verified	0	void	1	0	0		bios|leaf|orphan
0x801689D8	16	bios_B0_18_SetDefaultExitFromException	verified	0	void	1	0	0		bios|leaf
0x801689E8	16	bios_B0_19_SetCustomExitFromException	verified	0	void	2	0	0		bios|leaf|orphan
0x801689F8	60	func_801689F8	high	1	u32	1	0	0		leaf|gp
0x80168A34	60	func_80168A34	low	2	u32	0	0	0		leaf|orphan
0x80168A78	88	func_80168A78	medium	0	u32	1	4	24	ra	orphan
0x80168AD0	108	func_80168AD0	medium	0	u32	1	0	0	s0|s1|ra	addr_taken|orphan|indirect
0x80168B3C	44	func_80168B3C	medium	2	u32	1	0	0		leaf|addr_taken|orphan
0x80168B68	36	func_80168B68	low	2	u32	1	0	0		leaf|orphan
0x80168B98	76	func_80168B98	medium	0	u32	1	4	24	ra	orphan
0x80168BE4	384	func_80168BE4	medium	0	u32	1	1	0	s0|s1|s2|s3|s4|s5|ra	addr_taken|orphan|indirect
0x80168D64	172	func_80168D64	medium	2	u32	1	0	0		leaf|addr_taken|orphan
0x80168E10	36	func_80168E10	low	2	u32	1	0	0		leaf|orphan
0x80168E38	20	func_80168E38	high	1	u32	1	0	0		leaf
0x80168E4C	16	func_80168E4C	high	0	u32	3	0	0		leaf
0x80168E68	172	func_80168E68	medium	0	u32	1	4	24	s0|ra	orphan
0x80168F18	56	func_80168F18	verified	0	void	1	4	24	ra	
0x80168F58	160	func_80168F58	verified	0	u32	1	1	24	ra	
0x80168FF8	32	func_80168FF8	medium	0	void	1	1	24	ra	orphan
0x80169018	192	func_80169018	verified	3	u32	2	1	64	ra	
0x801690D8	80	func_801690D8	verified	2	u32	2	1	64	ra	
0x80169128	560	func_80169128	verified	1	u32	2	8	32	s0|s1|s2|ra	break
0x80169358	32	func_80169358	verified	0	void	1	1	24	ra	
0x80169378	32	func_80169378	medium	0	void	0	1	24	ra	orphan
0x80169398	76	func_80169398	verified	0	u32	1	1	24	s0|ra	addr_taken|indirect
0x801693E4	72	func_801693E4	high	0	u32	1	1	0	ra	addr_taken
0x80169438	624	func_80169438	verified	0	u32	2	7	56	s0|s1|s2|s3|s4|s5|s6|s7|fp|ra	
0x801696A8	520	func_801696A8	verified	2	u32	1	2	56	s0|s1|s2|s3|s4|s5|ra	break
0x801698B8	152	func_801698B8	verified	2	u32	1	1	32	s0|s1|s2|ra	
0x80169958	44	func_80169958	verified	2	void	1	1	24	ra	
0x80169988	252	func_80169988	verified	2	u32	1	1	40	s0|s1|s2|s3|ra	
0x80169A84	580	func_80169A84	verified	2	u32	1	2	32	s0|s1|s2|ra	
0x80169CC8	940	func_80169CC8	verified	2	u32	1	2	48	s0|s1|s2|s3|s4|s5|ra	indirect
0x8016A078	164	func_8016A078	high	2	u32	1	0	0		leaf
0x8016A128	252	func_8016A128	high	2	u32	1	0	0		leaf
0x8016A228	96	func_8016A228	high	2	u32	1	0	0		leaf
0x8016A288	384	func_8016A288	verified	2	u32	3	2	24	s0|ra	
0x8016A408	40	func_8016A408	medium	1	void	0	1	24	ra	orphan
0x8016A430	44	func_8016A430	medium	2	void	0	1	24	ra	orphan
0x8016A468	260	func_8016A468	verified	3	u32	2	1	64	ra	
0x8016A578	328	func_8016A578	verified	1	u32	1	1	24	s0|ra	
0x8016A6C8	540	func_8016A6C8	high	2	u32	1	0	0		leaf|break
0x8016A8E8	324	func_8016A8E8	verified	0	u32	2	2	104	s0|s1|s2|s3|ra	
0x8016AA38	860	func_8016AA38	verified	4	u32	1	5	64	s0|s1|s2|s3|s4|s5|s6|s7|fp|ra	break
0x8016AD94	116	func_8016AD94	verified	1	u32	1	1	24	ra	
0x8016AE08	60	func_8016AE08	medium	1	u32	0	1	24	ra	orphan
0x8016AE44	100	func_8016AE44	low	3	u32	0	0	0		leaf|orphan
0x8016AEA8	172	func_8016AEA8	medium	3	u32	0	1	40	s0|s1|ra	orphan
0x8016AF54	132	func_8016AF54	high	3	u32	1	0	0		leaf
0x8016AFD8	456	func_8016AFD8	high	0	u32	1	0	0		leaf
0x8016B1A8	12	func_8016B1A8	high	0	void	1	0	0		leaf
0x8016B1B8	1156	func_8016B1B8	high	0	u32	2	5	0	s0|s1|s2|s3|s4|s5|s6|s7|ra	indirect
0x8016B648	848	func_8016B648	verified	1	u32	1	5	112	s0|s1|s2|s3|s4|s5|ra	
0x8016B998	76	func_8016B998	medium	0	u32	0	1	24	ra	orphan
0x8016B9E4	104	func_8016B9E4	verified	2	u32	1	1	24	ra	
0x8016BA4C	288	func_8016BA4C	high	4	u32	2	0	0		leaf
0x8016BB78	1384	func_8016BB78	verified	1	u32	1	1	40	s0|s1|s2|s3|ra	
0x8016C0E8	192	func_8016C0E8	high	0	u32	4	0	0		leaf
0x8016C1A8	1224	func_8016C1A8	high	2	u32	1	0	0		leaf
0x8016C678	1388	func_8016C678	verified	3	u32	1	1	64	s0|s1|s2|s3|s4|s5|s6|s7|fp|ra	
0x8016CBE4	100	func_8016CBE4	high	3	u32	1	0	0		leaf
0x8016CC48	72	func_8016CC48	low	1	u32	0	0	0		leaf|orphan
0x8016CC90	72	func_8016CC90	low	1	u32	0	0	0		leaf|orphan
0x8016CCD8	176	func_8016CCD8	high	1	u32	3	1	0	s0|s1|s2|ra	
0x8016CD88	192	func_8016CD88	high	2	u32	2	0	0		leaf
0x8016CE48	12	func_8016CE48	high	1	void	1	0	0		leaf
0x8016CE58	16	func_8016CE58	high	0	u32	1	0	0		leaf
0x8016CE68	12	func_8016CE68	high	0	void	1	0	0		leaf
0x8016CE78	164	func_8016CE78	verified	1	u32	3	3	24	s0|ra	
0x8016CF28	52	func_8016CF28	verified	3	u32	2	2	24	ra	
0x8016CF5C	52	func_8016CF5C	medium	3	u32	0	2	24	ra	orphan
0x8016CF90	8	func_8016CF90	high	2	u32	2	0	0		leaf|addr_taken
0x8016CF98	1004	func_8016CF98	verified	4	u32	2	2	1072	s0|s1|s2|s3|s4|s5|s6|ra	indirect
0x8016D388	192	func_8016D388	medium	2	u32	1	4	40	s0|s1|s2|s3|ra	orphan
0x8016D448	388	func_8016D448	verified	3	u32	1	4	40	s0|s1|s2|s3|s4|ra	
0x8016D5D8	40	func_8016D5D8	verified	1	u32	2	1	24	ra	
0x8016D608	32	func_8016D608	verified	0	void	1	1	24	ra	
0x8016D628	232	func_8016D628	verified	1	u32	1	4	24	s0|ra	
0x8016D710	112	func_8016D710	high	0	u32	1	6	0	ra	
0x8016D788	16	bios_B0_08_OpenEvent	verified	0	void	2	0	0		bios|leaf
0x8016D798	16	bios_B0_0C_EnableEvent	verified	0	void	2	0	0		bios|leaf
0x8016D7A8	640	func_8016D7A8	verified	1	u32	1	3	32	s0|s1|ra	
0x8016DA28	448	func_8016DA28	high	2	u32	2	2	0	s0|s1|s2|s3|ra	
0x8016DBE8	188	func_8016DBE8	high	0	u32	1	2	0	ra	addr_taken|indirect
0x8016DCA4	168	func_8016DCA4	low	3	u32	0	2	0	s0|s1|ra	orphan
0x8016DD4C	16	func_8016DD4C	low	4	void	3	0	0		leaf
0x8016DD5C	624	func_8016DD5C	medium	1	u32	0	2	24	s0|ra	orphan
0x8016DFCC	132	func_8016DFCC	high	2	u32	2	2	0	s0|s1|ra	
0x8016E050	100	func_8016E050	medium	2	u32	0	1	32	s0|s1|ra	orphan
0x8016E0B4	68	func_8016E0B4	high	3	u32	1	0	0		leaf
0x8016E0F8	164	func_8016E0F8	high	2	u32	3	0	0		leaf|break
0x8016E19C	60	func_8016E19C	low	2	u32	0	0	0		leaf|orphan
0x8016E1D8	88	func_8016E1D8	low	1	u32	0	0	0		leaf|orphan
0x8016E230	40	func_8016E230	low	0	u32	1	0	0		leaf|orphan
0x8016E258	40	func_8016E258	low	0	u32	2	0	0		leaf|orphan
0x8016E280	92	func_8016E280	verified	0	u32	4	0	8		leaf
0x8016E2E8	36	func_8016E2E8	verified	1	void	2	1	24	ra	
0x8016E318	116	func_8016E318	medium	0	u32	1	5	24	ra	orphan
0x8016E398	16	bios_B0_09_CloseEvent	verified	0	void	2	0	0		bios|leaf|orphan
0x8016E3A8	16	bios_B0_0D_DisableEvent	verified	0	void	1	0	0		bios|leaf|orphan
0x8016E3B8	84	func_8016E3B8	high	2	u32	1	0	0		leaf
0x8016E418	124	func_8016E418	verified	1	u32	1	1	24	ra	
0x8016E498	768	func_8016E498	high	0	u32	1	0	0		leaf
0x8016E798	36	func_8016E798	verified	0	void	1	1	24	ra	
0x8016E7C8	700	func_8016E7C8	high	4	u32	2	0	0		leaf
0x8016EA88	72	func_8016EA88	high	1	u32	1	0	0		leaf
0x8016EAD8	36	func_8016EAD8	verified	0	void	1	1	24	ra	
0x8016EB08	404	func_8016EB08	verified	1	u32	1	3	56	s0|s1|s2|s3|s4|s5|ra	
0x8016ECA8	16	bios_B0_0A_WaitEvent	verified	0	void	1	0	0		bios|leaf
0x8016ECB8	128	func_8016ECB8	low	1	u32	0	0	0		leaf|orphan
0x8016ED38	140	func_8016ED38	high	1	u32	1	0	0		leaf
0x8016EDC8	444	func_8016EDC8	high	2	u32	1	0	0		leaf
0x8016EF88	144	func_8016EF88	high	1	u32	1	0	0		leaf
0x8016F018	92	func_8016F018	medium	2	u32	1	1	24	s0|ra	orphan
0x8016F078	92	func_8016F078	verified	1	u32	2	1	24	ra	
0x8016F0D8	48	func_8016F0D8	high	1	u32	4	0	0		leaf
0x8016F108	136	func_8016F108	verified	2	u32	1	2	32	s0|s1|ra	
0x8016F198	164	func_8016F198	high	1	u32	1	1	0	s0|s1|ra	
0x8016F248	16	bios_B0_0B_TestEvent	verified	0	void	4	0	0		bios|leaf
0x8016F258	40	func_8016F258	high	1	u32	5	0	0		leaf
0x8016F280	24	func_8016F280	high	0	u32	2	0	0		leaf
0x8016F298	892	func_8016F298	high	1	u32	3	0	0		leaf
0x8016F618	1528	func_8016F618	verified	1	u32	3	2	56	s0|s1|s2|s3|s4|s5|ra	
0x8016FC18	208	func_8016FC18	high	4	u32	1	0	0		leaf
0x8016FCE8	304	func_8016FCE8	low	3	u32	0	0	0		leaf|break|orphan
0x8016FE18	96	func_8016FE18	low	3	u32	2	0	0		leaf|orphan
0x8016FE78	28	func_8016FE78	high	2	u32	1	0	0		leaf
0x8016FE98	48	func_8016FE98	verified	0	void	1	3	24	ra	
0x8016FEC8	32	func_8016FEC8	medium	0	void	1	1	24	ra	orphan
0x8016FEE8	16	bios_A0_70__bu_init	verified	0	void	2	0	0		bios|leaf
0x8016FEF8	108	func_8016FEF8	verified	1	void	2	8	24	s0|ra	
0x8016FF64	56	func_8016FF64	verified	0	void	2	4	24	ra	
0x8016FF9C	40	func_8016FF9C	medium	0	void	2	2	24	ra	orphan
0x8016FFC8	12	func_8016FFC8	low	1	void	0	0	0		leaf|orphan
0x8016FFD4	16	func_8016FFD4	high	0	u32	1	0	0		leaf
0x8016FFE4	144	func_8016FFE4	medium	4	u32	0	7	40	s0|s1|s2|s3|ra	orphan
0x80170074	144	func_80170074	medium	4	u32	0	7	40	s0|s1|s2|s3|ra	orphan
0x80170104	48	func_80170104	medium	0	u32	0	3	24	ra	orphan
0x80170134	56	func_80170134	medium	0	void	0	3	24	ra	orphan
0x8017016C	120	func_8017016C	medium	0	u32	2	6	24	s0|ra	orphan
0x801701E4	56	func_801701E4	medium	0	u32	1	3	24	ra	orphan
0x8017021C	104	func_8017021C	medium	0	u32	1	0	0		leaf|addr_taken|orphan
0x80170284	64	func_80170284	medium	0	u32	1	0	0		leaf|addr_taken|orphan
0x801702C8	16	bios_B0_12_InitPad	verified	0	void	1	0	0		bios|leaf|orphan
0x801702D8	16	bios_B0_13_StartPad	verified	0	void	1	0	0		bios|leaf|orphan
0x801702E8	16	bios_B0_14_StopPad	verified	0	void	1	0	0		bios|leaf|orphan
0x801702F8	16	bios_B0_15_OutdatedPadInitAndStart	verified	0	void	1	0	0		bios|leaf|orphan
0x80170308	16	bios_C0_02_SysEnqIntRP	verified	0	void	3	0	0		bios|leaf
0x80170318	16	bios_C0_03_SysDeqIntRP	verified	0	void	8	0	0		bios|leaf
0x80170328	20	func_80170328	low	0	void	1	0	0		leaf|orphan|indirect
0x8017033C	20	func_8017033C	low	0	void	1	0	0		leaf|orphan|indirect
0x80170350	112	func_80170350	low	0	u32	2	2	0		orphan|indirect
0x801703C8	16	bios_A0_44_FlushCache	verified	0	void	7	0	0		bios|leaf
0x801703D8	104	func_801703D8	low	0	u32	2	3	0		orphan|indirect
0x80170448	16	bios_B0_4A_InitCard	verified	0	void	1	0	0		bios|leaf
0x80170458	16	bios_B0_4B_StartCard	verified	0	void	1	0	0		bios|leaf
0x80170468	16	bios_B0_4C_StopCard	verified	0	void	1	0	0		bios|leaf|orphan
0x80170478	44	func_80170478	high	0	void	1	0	0		leaf|addr_taken
0x801704A4	68	func_801704A4	low	0	u32	0	0	0		leaf|orphan|indirect
0x801704E8	16	func_801704E8	medium	0	u32	2	0	0		leaf|addr_taken|indirect
0x80170510	148	func_80170510	high	0	u32	2	3	0		addr_taken|indirect
0x801705A4	112	func_801705A4	high	0	u32	1	3	0		indirect
0x80170614	52	func_80170614	high	0	u32	1	2	0		leaf
0x80170648	112	func_80170648	low	0	u32	1	3	0		orphan|indirect
0x801706C8	112	func_801706C8	verified	0	u32	1	4	24	s0|ra	
0x80170738	64	func_80170738	medium	0	u32	1	2	24	ra	orphan
0x80170778	104	func_80170778	verified	1	u32	1	3	24	ra	
0x801707E0	768	func_801707E0	verified	1	u32	4	9	32	s0|s1|ra	addr_taken
0x80170AE0	104	func_80170AE0	verified	1	u32	4	3	24	ra	
0x80170B48	680	func_80170B48	verified	1	u32	5	11	32	s0|s1|ra	addr_taken
0x80170DF0	392	func_80170DF0	verified	3	u32	2	10	56	s0|s1|s2|s3|s4|s5|ra	
0x80170F78	68	func_80170F78	verified	0	u32	5	1	24	s0|ra	
0x80170FBC	184	func_80170FBC	verified	3	u32	2	3	24	ra	
0x80171074	316	func_80171074	verified	1	u32	2	6	32	s0|s1|ra	addr_taken
0x801711B0	184	func_801711B0	medium	3	u32	0	3	24	ra	orphan
0x80171268	316	func_80171268	verified	1	u32	2	6	32	s0|s1|ra	addr_taken
0x801713A4	280	func_801713A4	medium	4	u32	0	5	48	s0|s1|s2|s3|s4|s5|s6|ra	orphan
0x801714BC	320	func_801714BC	medium	1	u32	1	9	32	s0|s1|ra	addr_taken|orphan
0x801715FC	280	func_801715FC	verified	4	u32	3	5	48	s0|s1|s2|s3|s4|s5|s6|ra	
0x80171714	320	func_80171714	verified	1	u32	1	9	32	s0|s1|ra	addr_taken
0x80171854	608	func_80171854	medium	4	u32	0	12	144	s0|s1|s2|s3|s4|s5|s6|s7|fp|ra	orphan
0x80171AB4	20	func_80171AB4	high	1	u32	16	0	0		leaf
0x80171AC8	284	func_80171AC8	high	3	u32	2	0	0		leaf
0x80171BE4	508	func_80171BE4	verified	3	u32	3	8	80	s0|s1|s2|s3|s4|ra	
0x80171DE0	436	func_80171DE0	medium	2	u32	0	7	80	s0|s1|s2|s3|ra	orphan
0x80171F94	188	func_80171F94	verified	1	u32	1	8	24	s0|ra	
0x80172050	180	func_80172050	medium	1	u32	0	5	160	s0|s1|ra	orphan
0x80172104	84	func_80172104	high	1	u32	6	0	0		leaf
0x80172158	172	func_80172158	verified	0	u32	1	2	24	ra	addr_taken|indirect
0x80172204	92	func_80172204	high	2	u32	6	0	0		leaf
0x80172268	16	bios_B0_32_FileOpen	verified	0	void	4	0	0		bios|leaf
0x80172278	16	bios_B0_33_FileSeek	verified	0	void	2	0	0		bios|leaf
0x80172288	16	bios_B0_34_FileRead	verified	0	void	1	0	0		bios|leaf
0x80172298	16	bios_B0_36_FileClose	verified	0	void	5	0	0		bios|leaf
0x801722A8	16	bios_B0_43_nextfile	verified	0	void	1	0	0		bios|leaf|orphan
0x801722B8	16	bios_B0_45_FileDelete	verified	0	void	1	0	0		bios|leaf|orphan
0x801722C8	412	func_801722C8	medium	2	u32	1	3	40	s0|s1|s2|s3|ra	orphan
0x80172464	256	func_80172464	medium	3	u32	1	1	48	s0|s1|s2|s3|s4|s5|ra	addr_taken|orphan|indirect
0x80172568	16	bios_B0_42_firstfile	verified	0	void	1	0	0		bios|leaf|orphan
0x80172578	164	func_80172578	verified	2	u32	6	1	32	s0|s1|s2|ra	
0x80172628	100	func_80172628	low	3	u32	2	0	0		leaf|orphan
0x80172698	16	bios_A0_AB	verified	0	void	2	0	0		bios|leaf
0x801726A8	16	bios_A0_AC	verified	0	void	2	0	0		bios|leaf
0x801726B8	16	bios_B0_4E__card_write	verified	0	void	3	0	0		bios|leaf
0x801726C8	16	bios_B0_50__new_card	verified	0	void	3	0	0		bios|leaf
0x801726D8	52	func_801726D8	verified	1	void	4	2	24	s0|ra	
0x80172718	324	func_80172718	verified	3	u32	1	6	176	s0|s1|s2|s3|s4|s5|ra	
0x8017285C	524	func_8017285C	verified	1	u32	1	2	56	s0|s1|s2|s3|s4|s5|s6|s7|fp|ra	
0x80172A68	16	bios_B0_4F__card_read	verified	0	void	1	0	0		bios|leaf
0x80172A78	16	bios_B0_5C_get_card_status	verified	0	void	1	0	0		bios|leaf
0x80172A88	16	func_80172A88	high	0	u32	1	0	0		leaf
0x80172A98	124	func_80172A98	high	0	u32	13	1	0	ra	
0x80172B14	108	func_80172B14	high	0	u32	1	0	0	ra	indirect
0x80172B80	16	func_80172B80	high	0	u32	1	0	0		leaf
0x80172B98	20	func_80172B98	high	0	u32	1	0	0		leaf|addr_taken
0x80172BAC	20	func_80172BAC	high	0	u32	1	0	0		leaf|addr_taken
0x80172BC0	20	func_80172BC0	high	0	u32	1	0	0		leaf|addr_taken
0x80172BD4	20	func_80172BD4	high	0	u32	1	0	0		leaf|addr_taken
0x80172BE8	20	func_80172BE8	high	0	u32	1	0	0		leaf|addr_taken
0x80172BFC	20	func_80172BFC	high	0	u32	1	0	0		leaf|addr_taken
0x80172C10	20	func_80172C10	high	0	u32	1	0	0		leaf|addr_taken
0x80172C24	20	func_80172C24	high	0	u32	1	0	0		leaf|addr_taken
0x80172C38	48	func_80172C38	medium	0	void	0	3	24	ra	orphan
0x80172C68	476	func_80172C68	verified	0	u32	1	13	24	s0|ra	
0x80172E44	32	func_80172E44	medium	0	void	0	1	24	ra	orphan
0x80172E64	180	func_80172E64	medium	0	u32	1	3	24	s0|ra	orphan
0x80172F18	264	func_80172F18	high	0	u32	11	1	0	ra	
0x80173020	216	func_80173020	verified	0	u32	5	1	24	s0|ra	
0x801730F8	216	func_801730F8	verified	0	u32	7	1	24	s0|ra	
0x801731D0	60	func_801731D0	high	0	u32	5	0	0		leaf
0x8017320C	60	func_8017320C	high	0	u32	4	0	0		leaf
0x80173248	48	func_80173248	high	1	u32	2	0	0		leaf
0x80173278	236	func_80173278	high	0	u32	1	0	0		leaf
0x80173364	96	func_80173364	low	0	u32	1	0	0		leaf|orphan
0x801733C4	84	func_801733C4	high	0	u32	2	0	0		leaf
0x80173418	496	func_80173418	verified	2	u32	1	1	120	s0|s1|s2|s3|s4|s5|s6|s7|fp|ra	indirect
0x80173608	112	func_80173608	verified	0	u32	2	2	24	ra	
0x80173678	548	func_80173678	verified	2	u32	1	5	40	s0|s1|s2|s3|s4|ra	addr_taken|indirect
0x8017389C	140	func_8017389C	verified	3	u32	2	1	24	s0|ra	
0x80173928	324	func_80173928	verified	0	u32	1	13	32	s0|s1|ra	
0x80173A6C	268	func_80173A6C	medium	0	u32	1	5	32	s0|s1|ra	orphan
0x80173B78	32	func_80173B78	medium	0	void	0	1	24	ra	orphan
0x80173B98	580	func_80173B98	verified	4	u32	11	4	48	s0|s1|s2|s3|s4|s5|ra	
0x80173DDC	52	func_80173DDC	verified	3	u32	9	1	32	ra	
0x80173E10	880	func_80173E10	verified	4	u32	1	5	136	s0|s1|s2|s3|s4|s5|s6|s7|ra	
0x80174180	496	func_80174180	verified	2	u32	1	2	32	s0|s1|ra	
0x80174370	148	func_80174370	medium	1	u32	1	2	24	s0|ra	orphan
0x80174404	144	func_80174404	verified	0	u32	9	3	24	ra	
0x80174494	76	func_80174494	verified	0	u32	3	2	24	s0|ra	
0x801744E0	16	func_801744E0	high	0	u32	10	0	0		leaf
0x801744F0	32	func_801744F0	verified	0	u32	1	1	24	ra	
0x80174510	32	func_80174510	medium	0	void	0	1	24	ra	orphan
0x80174530	32	func_80174530	medium	0	u32	0	1	24	ra	orphan
0x80174550	164	func_80174550	verified	0	u32	1	2	32	s0|s1|ra	addr_taken
0x801745F4	212	func_801745F4	verified	2	u32	1	2	32	s0|s1|ra	addr_taken|indirect
0x801746C8	44	func_801746C8	high	1	u32	1	0	0	ra	addr_taken|indirect
0x801746F8	152	func_801746F8	verified	0	u32	1	8	24	ra	
0x80174790	224	func_80174790	verified	0	u32	1	1	24	s0|ra	
0x80174870	64	func_80174870	medium	0	void	1	2	24	ra	orphan
0x801748B0	124	func_801748B0	verified	1	u32	3	1	24	ra	
0x8017492C	12	func_8017492C	high	1	void	1	0	0		leaf
0x80174938	12	func_80174938	high	1	void	1	0	0		leaf
0x80174944	12	func_80174944	high	1	void	1	0	0		leaf
0x80174950	12	func_80174950	high	1	void	1	0	0		leaf
0x8017495C	24	func_8017495C	high	1	u32	6	0	0		leaf
0x80174974	16	func_80174974	low	0	u32	1	0	0		leaf|orphan
0x80174984	16	func_80174984	high	0	u32	2	0	0		leaf
0x80174994	12	func_80174994	high	0	u32	3	0	0		leaf
0x801749A0	16	func_801749A0	low	0	u32	0	0	0		leaf|orphan
0x801749B0	16	func_801749B0	high	0	u32	1	0	0		leaf
0x801749C0	16	func_801749C0	high	0	u32	1	0	0		leaf
0x801749D0	36	func_801749D0	verified	1	void	1	1	24	ra	
0x801749F4	36	func_801749F4	medium	1	void	1	1	24	ra	orphan
0x80174A18	16	func_80174A18	low	0	u32	1	0	0		leaf|orphan
0x80174A28	64	func_80174A28	medium	1	u32	1	1	24	ra	orphan
0x80174A68	472	func_80174A68	verified	2	u32	3	3	32	s0|s1|s2|ra	
0x80174C40	720	func_80174C40	verified	0	u32	1	2	32	s0|ra	addr_taken|indirect
0x80174F10	136	func_80174F10	verified	0	u32	1	2	24	ra	
0x80174F98	272	func_80174F98	verified	2	u32	1	4	32	s0|s1|s2|ra	addr_taken
0x801750A8	484	func_801750A8	verified	2	u32	1	0	24	ra	indirect
0x8017528C	648	func_8017528C	verified	2	u32	1	0	24	s0|ra	indirect
0x80175514	236	func_80175514	verified	1	u32	1	0	24	ra	indirect
0x80175600	148	func_80175600	verified	2	u32	1	1	32	s0|s1|ra	addr_taken|indirect
0x80175694	176	func_80175694	verified	2	u32	2	1	24	ra	
0x80175744	120	func_80175744	verified	0	u32	3	1	24	s0|ra	
0x801757BC	16	func_801757BC	high	0	u32	3	0	0		leaf
0x801757CC	16	func_801757CC	high	0	u32	1	0	0		leaf
0x801757DC	72	func_801757DC	high	2	u32	3	0	0		leaf
0x80175824	72	func_80175824	high	2	u32	6	0	0		leaf
0x8017586C	220	func_8017586C	medium	0	u32	0	2	32	s0|ra	orphan
0x80175948	32	func_80175948	verified	0	u32	1	1	24	ra	
0x80175968	32	func_80175968	verified	0	u32	3	1	24	ra	
0x80175988	32	func_80175988	medium	0	u32	1	1	24	ra	orphan
0x801759A8	32	func_801759A8	medium	0	void	0	1	24	ra	orphan
0x801759C8	260	func_801759C8	high	2	u32	5	0	0		leaf
0x80175ACC	128	func_80175ACC	high	1	u32	4	0	0		leaf
0x80175B4C	20	func_80175B4C	low	1	u32	0	0	0		leaf|orphan
0x80175B60	84	func_80175B60	medium	1	u32	1	1	24	s0|ra	orphan
0x80175BB8	304	func_80175BB8	medium	4	u32	0	7	56	s0|s1|s2|s3|s4|ra	orphan
0x80175CE8	52	func_80175CE8	medium	1	u32	1	2	24	ra	addr_taken|orphan
0x80175D1C	376	func_80175D1C	medium	2	u32	1	4	32	s0|s1|s2|ra	addr_taken|orphan|indirect
0x80175E94	212	func_80175E94	medium	0	u32	1	2	24	s0|ra	addr_taken|orphan|indirect
0x80175F68	112	func_80175F68	medium	1	u32	0	3	32	s0|s1|ra	orphan
0x80175FD8	20	func_80175FD8	low	1	u32	0	0	0		leaf|orphan
0x80175FEC	32	func_80175FEC	medium	0	void	0	1	24	ra	orphan
0x8017600C	156	func_8017600C	medium	1	u32	4	7	24	ra	orphan
0x801760A8	28	func_801760A8	high	1	u32	1	0	0		leaf
0x801760C8	132	func_801760C8	verified	2	u32	2	4	32	s0|s1|ra	
0x8017614C	100	func_8017614C	verified	0	u32	3	3	24	s0|ra	
0x801761B0	20	func_801761B0	high	1	u32	3	0	0		leaf
0x801761C4	732	func_801761C4	verified	2	u32	2	10	56	s0|s1|s2|s3|ra	addr_taken|indirect
0x801764A0	184	func_801764A0	verified	2	u32	1	4	32	s0|s1|s2|ra	addr_taken|indirect
0x80176558	120	func_80176558	verified	0	u32	2	7	40	s0|s1|ra	
0x801765D0	48	func_801765D0	verified	1	u32	1	2	24	ra	addr_taken
0x80176600	16	func_80176600	low	0	u32	2	0	0		leaf|orphan
0x80176610	80	func_80176610	verified	0	u32	3	2	24	s0|ra	
0x80176668	20	func_80176668	high	1	u32	7	0	0		leaf
0x8017667C	20	func_8017667C	high	1	u32	11	0	0		leaf
0x80176690	20	func_80176690	high	1	u32	5	0	0		leaf
0x801766A4	36	func_801766A4	verified	1	void	3	1	24	ra	
0x801766C8	32	func_801766C8	medium	0	void	0	1	24	ra	orphan
0x801766E8	32	func_801766E8	verified	0	void	1	1	24	ra	
0x80176708	32	func_80176708	medium	0	void	0	1	24	ra	orphan
0x80176728	76	func_80176728	low	1	u32	0	0	0		leaf|orphan
0x80176774	204	func_80176774	high	0	u32	1	0	0	ra	indirect
0x80176840	248	func_80176840	high	3	u32	1	0	0	s0|s1|ra	indirect
0x80176938	212	func_80176938	low	3	u32	0	0	0	s0|s1|ra	orphan|indirect
0x80176A0C	168	func_80176A0C	low	3	u32	0	0	0	s0|s1|ra	orphan|indirect
0x80176AB4	56	func_80176AB4	high	2	u32	1	1	0	s0|ra	indirect
0x80176AEC	72	func_80176AEC	low	3	u32	0	1	0	s0|s1|ra	orphan|indirect
0x80176B34	72	func_80176B34	high	3	u32	1	1	0	s0|s1|ra	indirect
0x80176B88	280	func_80176B88	low	1	u32	0	0	0	s0|s1|s2|ra	orphan|indirect
0x80176CA0	44	func_80176CA0	high	0	u32	1	2	0		leaf
0x80176CCC	104	func_80176CCC	high	0	u32	1	0	0	ra	addr_taken|indirect
0x80176D34	400	func_80176D34	high	0	u32	1	2	0	ra	addr_taken|indirect
0x80176EC4	20	func_80176EC4	low	0	u32	1	0	0		leaf|orphan
0x80176ED8	204	func_80176ED8	verified	0	u32	1	5	24	s0|ra	indirect
0x80176FA4	68	func_80176FA4	medium	0	void	1	4	24	ra	orphan
0x80176FE8	820	func_80176FE8	verified	1	u32	2	4	32	s0|s1|ra	indirect
0x8017731C	240	func_8017731C	verified	1	u32	1	2	24	s0|ra	indirect
0x8017740C	528	func_8017740C	verified	2	u32	2	1	40	s0|s1|s2|s3|ra	
0x8017761C	632	func_8017761C	verified	2	u32	4	2	40	s0|s1|s2|s3|ra	
0x80177894	144	func_80177894	verified	0	u32	3	1	24	ra	
0x80177924	40	func_80177924	high	0	u32	2	0	0		leaf
0x80177958	12	func_80177958	high	3	void	1	0	0		leaf
0x80177964	16	func_80177964	low	4	void	0	0	0		leaf|orphan
0x80177974	132	func_80177974	verified	1	u32	1	3	24	ra	
0x801779F8	624	func_801779F8	verified	1	u32	1	2	24	s0|ra	indirect
0x80177C68	56	func_80177C68	high	1	u32	1	0	0		leaf
0x80177CA0	212	func_80177CA0	verified	2	u32	1	2	32	s0|s1|ra	indirect
0x80177D74	168	func_80177D74	verified	1	u32	1	4	24	ra	addr_taken
0x80177E1C	1016	func_80177E1C	high	1	u32	1	0	0		leaf|addr_taken
0x80178214	104	func_80178214	verified	2	u32	1	2	32	s0|s1|ra	indirect
0x8017827C	28	func_8017827C	high	1	u32	1	0	0		leaf|addr_taken
0x80178298	200	func_80178298	high	1	u32	1	0	0		leaf|addr_taken
0x80178360	152	func_80178360	medium	3	u32	1	2	40	s0|s1|s2|s3|ra	orphan|indirect
0x801783F8	84	func_801783F8	medium	1	u32	1	0	0		leaf|addr_taken|orphan
0x8017844C	96	func_8017844C	medium	1	u32	1	0	24	ra	addr_taken|orphan|indirect
0x801784AC	32	func_801784AC	high	2	u32	1	0	0		leaf
0x801784CC	20	func_801784CC	high	1	u32	1	0	0		leaf
0x801784E0	32	func_801784E0	high	2	u32	2	0	0		leaf
0x80178500	32	func_80178500	high	2	u32	1	0	0		leaf
0x80178520	32	func_80178520	high	2	u32	2	0	0		leaf
0x80178540	20	func_80178540	high	1	u32	1	0	0		leaf
0x80178558	72	func_80178558	high	1	u32	0	1	24	s0|ra	addr_taken|indirect
0x801785A0	216	func_801785A0	high	1	u32	0	1	0	s0|ra	addr_taken|indirect
0x80178678	172	func_80178678	high	1	u32	0	1	0	s0|ra	addr_taken|indirect
0x80178724	196	func_80178724	high	1	u32	0	1	24	s0|ra	addr_taken|indirect
0x801787E8	916	func_801787E8	high	1	u32	0	5	0	s0|s1|s2|s3|s4|s5|ra	addr_taken|indirect
0x80178B88	352	func_80178B88	verified	2	u32	1	10	32	s0|s1|s2|ra	
0x80178CE8	104	func_80178CE8	high	1	u32	1	0	0		leaf|addr_taken
0x80178D50	244	func_80178D50	verified	1	u32	1	3	40	s0|s1|s2|s3|ra	addr_taken
0x80178E44	16	func_80178E44	high	1	u32	2	0	0		leaf|addr_taken
0x80178E54	188	func_80178E54	high	1	u32	1	0	0		leaf|addr_taken
0x80178F10	636	func_80178F10	verified	1	u32	1	1	24	s0|ra	addr_taken
0x8017918C	56	func_8017918C	high	1	u32	1	0	0		leaf|addr_taken
0x801791C4	32	func_801791C4	high	1	u32	1	0	0		leaf|addr_taken
0x801791E8	52	func_801791E8	high	0	u32	1	3	0		leaf
0x8017921C	272	func_8017921C	verified	1	u32	1	2	24	s0|ra	addr_taken|indirect
0x8017932C	612	func_8017932C	verified	1	u32	1	1	24	s0|ra	addr_taken|indirect
0x80179590	224	func_80179590	verified	1	u32	1	0	24	s0|ra	indirect
0x80179670	44	func_80179670	high	1	u32	1	0	0		leaf|addr_taken
0x801796A8	32	func_801796A8	high	1	u32	4	0	0		leaf
0x801796C8	160	func_801796C8	high	0	u32	4	0	0		leaf
0x80179768	112	func_80179768	verified	0	u32	1	5	24	s0|ra	
0x801797D8	64	func_801797D8	medium	0	void	1	4	24	ra	orphan
0x80179818	84	func_80179818	high	2	u32	1	0	0		leaf
0x8017986C	64	func_8017986C	high	0	u32	0	0	0		leaf|addr_taken
0x801798AC	64	func_801798AC	high	0	u32	0	0	0		leaf|addr_taken
0x801798EC	424	func_801798EC	high	0	u32	0	4	0	s0|ra	addr_taken
0x80179A94	324	func_80179A94	high	0	u32	1	4	0	ra	addr_taken
0x80179BD8	212	func_80179BD8	verified	1	u32	1	1	24	s0|ra	
0x80179CAC	32	func_80179CAC	high	1	u32	4	0	0		leaf
0x80179CCC	160	func_80179CCC	high	0	u32	4	0	0		leaf
0x80179D6C	408	func_80179D6C	high	1	u32	4	1	0	ra	
0x80179F04	332	func_80179F04	high	3	u32	4	0	0		leaf
0x8017A058	80	func_8017A058	high	1	u32	2	0	0		leaf
0x8017A0A8	540	func_8017A0A8	high	0	u32	1	2	0	s0|ra	indirect
0x8017A2C4	172	func_8017A2C4	high	2	u32	1	2	0		leaf
0x8017A370	68	func_8017A370	high	0	u32	1	0	0		leaf|addr_taken
0x8017A3B4	148	func_8017A3B4	high	1	u32	1	0	0		leaf|addr_taken
0x8017A448	212	func_8017A448	low	3	u32	0	2	0		leaf|orphan
0x8017A51C	180	func_8017A51C	medium	0	u32	1	0	0		leaf|addr_taken|orphan
0x8017A5D0	40	func_8017A5D0	high	1	u32	5	0	0		leaf|addr_taken
0x8017A5F8	160	func_8017A5F8	low	2	u32	0	2	0		leaf|orphan
0x8017A698	32	func_8017A698	medium	0	u32	1	0	0		leaf|addr_taken|orphan
0x8017A6B8	148	func_8017A6B8	medium	1	u32	1	0	0		leaf|addr_taken|orphan
0x8017A74C	276	func_8017A74C	medium	4	u32	0	3	40	s0|s1|s2|s3|ra	orphan
0x8017A860	160	func_8017A860	medium	0	u32	2	0	0		leaf|addr_taken|orphan
0x8017A900	228	func_8017A900	medium	0	u32	2	1	24	ra	addr_taken|orphan
0x8017A9E4	276	func_8017A9E4	medium	4	u32	0	3	40	s0|s1|s2|s3|ra	orphan
0x8017AAF8	196	func_8017AAF8	medium	0	u32	2	0	0		leaf|addr_taken|orphan
0x8017ABBC	200	func_8017ABBC	medium	0	u32	2	1	24	ra	addr_taken|orphan
0x8017AC84	192	func_8017AC84	low	4	u32	0	2	0		leaf|orphan
0x8017AD44	216	func_8017AD44	medium	0	u32	2	0	0		leaf|addr_taken|orphan
0x8017AE1C	528	func_8017AE1C	medium	1	u32	2	4	24	ra	addr_taken|orphan|indirect
0x8017B02C	192	func_8017B02C	low	4	u32	0	2	0		leaf|orphan
0x8017B0EC	260	func_8017B0EC	medium	0	u32	2	0	0		leaf|addr_taken|orphan
0x8017B1F0	492	func_8017B1F0	medium	1	u32	2	4	24	ra	addr_taken|orphan|indirect
0x8017B3DC	288	func_8017B3DC	low	2	u32	0	2	0		leaf|orphan
0x8017B4FC	192	func_8017B4FC	low	2	u32	0	2	0		leaf|orphan
0x8017B5BC	212	func_8017B5BC	low	2	u32	0	2	0		leaf|orphan
0x8017B690	364	func_8017B690	medium	0	u32	1	0	0		leaf|addr_taken|orphan
0x8017B7FC	688	func_8017B7FC	medium	1	u32	1	4	24	ra	addr_taken|orphan|indirect
0x8017BAAC	176	func_8017BAAC	high	3	u32	1	2	0		leaf
0x8017BB5C	128	func_8017BB5C	high	0	u32	2	0	0		leaf|addr_taken
0x8017BBDC	164	func_8017BBDC	high	1	u32	1	2	0		leaf
0x8017BC80	188	func_8017BC80	low	4	u32	0	2	0		leaf|orphan
0x8017BD3C	128	func_8017BD3C	medium	0	u32	1	0	0		leaf|addr_taken|orphan
0x8017BDBC	164	func_8017BDBC	low	2	u32	0	2	0		leaf|orphan
0x8017BE60	60	func_8017BE60	medium	0	u32	1	0	0		leaf|addr_taken|orphan
0x8017BE9C	188	func_8017BE9C	low	2	u32	0	2	0		leaf|orphan
0x8017BF58	212	func_8017BF58	low	2	u32	0	2	0		leaf|orphan
0x8017C02C	44	func_8017C02C	verified	0	void	2	1	24	ra	
0x8017C058	168	func_8017C058	high	3	u32	1	2	0		leaf
0x8017C100	36	func_8017C100	high	0	u32	1	0	0		leaf|addr_taken
0x8017C124	128	func_8017C124	high	1	u32	1	0	0		leaf|addr_taken
0x8017C1A4	160	func_8017C1A4	low	2	u32	0	2	0		leaf|orphan
0x8017C244	36	func_8017C244	medium	0	u32	1	0	0		leaf|addr_taken|orphan
0x8017C268	320	func_8017C268	medium	1	u32	1	0	0		leaf|addr_taken|orphan
0x8017C3A8	200	func_8017C3A8	low	3	u32	0	2	0		leaf|orphan
0x8017C470	424	func_8017C470	medium	0	u32	1	0	0		leaf|addr_taken|orphan
0x8017C618	820	func_8017C618	medium	1	u32	1	1	24	ra	addr_taken|orphan
0x8017C94C	168	func_8017C94C	low	3	u32	0	2	0		leaf|orphan
0x8017C9F4	36	func_8017C9F4	medium	0	u32	1	0	0		leaf|addr_taken|orphan
0x8017CA18	192	func_8017CA18	medium	1	u32	1	0	0		leaf|addr_taken|orphan
0x8017CAD8	96	func_8017CAD8	low	2	u32	2	0	0		leaf|orphan
0x8017CB38	244	func_8017CB38	low	4	u32	6	3	0		orphan|indirect
0x8017CC2C	120	func_8017CC2C	low	0	u32	1	2	0		orphan
0x8017CCA4	20	func_8017CCA4	medium	0	u32	2	1	0		addr_taken|orphan
0x8017CCB8	56	func_8017CCB8	low	0	u32	2	1	0		leaf|orphan
0x8017CCF0	8	func_8017CCF0	low	0	u32	0	0	0		leaf|orphan
0x8017CCF8	312	func_8017CCF8	high	0	u32	2	0	0		leaf|addr_taken
0x8017CE30	112	func_8017CE30	low	2	u32	0	0	0		leaf|orphan|indirect
0x8017CEA0	76	func_8017CEA0	low	2	u32	0	0	0		leaf|orphan
